-- phpMyAdmin SQL Dump
-- version 4.5.1
-- http://www.phpmyadmin.net
--
-- Host: 127.0.0.1
-- Generation Time: Apr 19, 2018 at 07:44 AM
-- Server version: 10.1.10-MariaDB
-- PHP Version: 7.0.4

SET SQL_MODE = "NO_AUTO_VALUE_ON_ZERO";
SET time_zone = "+00:00";


/*!40101 SET @OLD_CHARACTER_SET_CLIENT=@@CHARACTER_SET_CLIENT */;
/*!40101 SET @OLD_CHARACTER_SET_RESULTS=@@CHARACTER_SET_RESULTS */;
/*!40101 SET @OLD_COLLATION_CONNECTION=@@COLLATION_CONNECTION */;
/*!40101 SET NAMES utf8mb4 */;

--
-- Database: `typingtest`
--

-- --------------------------------------------------------

--
-- Table structure for table `article`
--

CREATE TABLE `article` (
  `id` int(11) NOT NULL,
  `article_title` varchar(255) DEFAULT NULL,
  `article_date` date DEFAULT NULL,
  `visible_in_front` varchar(255) DEFAULT NULL,
  `article_text` text,
  `status` int(11) DEFAULT NULL
) ENGINE=InnoDB DEFAULT CHARSET=latin1;

--
-- Dumping data for table `article`
--

INSERT INTO `article` (`id`, `article_title`, `article_date`, `visible_in_front`, `article_text`, `status`) VALUES
(2, 'testdrtd', '2016-09-08', 'No', '<p>hfghgfh gfh&nbsp;</p>\r\n', NULL),
(3, 'Twelve Resume Mistakes and Tips for a Good Resume', '2010-09-15', 'Yes', '<p>With 14.9 million people unemployed in the U.S., according to the Bureau of Labor Statistics, the pressure to get resumes in the &quot;yes&quot; pile is immense. Nearly half (48 percent) of human resource managers surveyed by CareerBuilder reported they typically review 25 applications or less for open positions. Thirty-eight percent said, on average, they spend less than a minute reviewing a resume; 18 percent spend less than 30 seconds. The CareerBuilder survey was conducted among more than 2,500 employers between May 18 and June 3, 2010.</p>\r\n\r\n<p>One of the biggest mistakes job seekers make that can take them out of the running is a lack of customization. Seventy-nine percent of human resource managers said they pay more attention to resumes that are tailored to their open positions.</p>\r\n\r\n<p>When asked for the most memorable missteps they encountered when going through resumes, human resource managers and hiring managers reported the following:</p>\r\n\r\n<p>Candidate put God down as a reference (no phone number).</p>\r\n\r\n<p>Candidate listed her hobby as alligator watching.</p>\r\n\r\n<p>Candidate claimed to be a direct descendant of the Vikings.</p>\r\n\r\n<p>Candidate&#39;s email address had &quot;lovesbeer&quot; in it.</p>\r\n\r\n<p>Candidate listed &quot;Master of Time and Universe&quot; under his experience.</p>\r\n\r\n<p>Candidate started off the application with &quot;Do you want a tiger?&quot;</p>\r\n\r\n<p>Candidate specifically pointed out that he was not a gypsy.</p>\r\n\r\n<p>Candidate&#39;s condition for accepting the position was being allowed to bring his pet monkey to the workplace.</p>\r\n\r\n<p>Candidate pointed out, &quot;I&#39;ll have your job in five years.&quot;</p>\r\n\r\n<p>Candidate sent a 24-page resume for a 5-year career.</p>\r\n\r\n<p>Candidate put a picture of her cat on top of her resume.</p>\r\n\r\n<p>Candidate declared himself the LeBron James of table games.</p>\r\n\r\n<p>Candidate sent a video trying to hypnotize the HR manager into hiring him.</p>\r\n\r\n<p>&quot;While it&#39;s important to stand out from the crowd, job seekers need to make sure their resumes catch hiring managers&#39; eyes for the right reasons,&quot; said Rosemary Haefner, vice president of human resources at CareerBuilder. &quot;Job seekers need to communicate their relevant experience and utilize keywords from the job posting, while customizing their resume for each and every position. Focus on what you can bring to the table right from the get go.&quot;</p>\r\n\r\n<p>Haefner offers the following tips to get you started on your road to resume success:</p>\r\n\r\n<p>Quantify your experience - Have you helped increase client business, made significant sales or increased team productivity? Make every effort possible to quantify these experiences so you can show employers how you&#39;ve positively affected bottom lines in the past - and how you can hit the ground running at their organization.</p>\r\n\r\n<p>Keep it professional - While it sometimes can be helpful to include personal achievements on your resume, leave off information that is too personal. Instead, focus on items that are business-related, such as volunteer work or membership in professional organizations. Also, make sure you leave emoticons, inappropriate e-mail addresses and cutesy fonts off your final product.</p>\r\n\r\n<p>Make it easy to read - Avoid using large blocks of text. Use bullets to break up text and make it easy for hiring managers to zero in on important points. Avoid using ornate fonts that may cause formatting issues when sharing electronically.</p>\r\n\r\n<p>To help job seekers make the right impression, CareerBuilder offers professional resume writing services for every job level. Job seekers can also upload resumes and receive free feedback on how to create a personalized resume that is effective both online and in print to help improve their chances of getting hired.</p>\r\n\r\n<p>A typing certificate showing your typing speed is also highly recommended, these days almost ALL&nbsp;jobs require typing for computer use etc.</p>\r\n\r\n<p>&nbsp;</p>\r\n', NULL),
(4, 'Special Bonus Super Deal Quotes Book Prosperity CD', '2010-06-01', 'Yes', '<p>&nbsp;Special Bonus Super Deal Quotes Book&nbsp;<br />\r\nand&nbsp;Prosperity CD</p>\r\n\r\n<p>Due to you being a good client of Typing Certification,&nbsp;<br />\r\nwe put the best possible offer together as a reward.&nbsp;<br />\r\nPlease check out the very special offer below...</p>\r\n\r\n<blockquote><img alt="" src="http://universityoflife.com/userfiles/image//quotescover.png" style="height:655px; width:465px" /></blockquote>\r\n\r\n<p><img alt="" src="http://universityoflife.com/universityoflife/userfiles/image//quotebookcover.jpg" /></p>\r\n\r\n<p><img alt="" src="http://www.typingcertification.com/userfiles/image//backcover.png" style="height:569px; width:468px" /></p>\r\n\r\n<p>Some Sample Quotes</p>\r\n\r\n<p>&ldquo;If we had no winter, the spring would not be so pleasant: if we did not sometimes taste of adversity, prosperity would not be so welcome.&rdquo;&nbsp;<br />\r\n--Anne Bradstreet</p>\r\n\r\n<p><br />\r\n&nbsp;If it was easy everybody could do it and there would be no money in it. Embrace the challenge!<br />\r\n--John Mauldin</p>\r\n\r\n<p>&nbsp;</p>\r\n\r\n<p>&quot;In the middle of difficulty lies opportunity.&quot;<br />\r\n-&nbsp; Albert Einstein<br />\r\n<br />\r\n&quot;Everything I ever did I copied from someone else&quot;<br />\r\n--Sam Walton</p>\r\n\r\n<p>&nbsp;</p>\r\n\r\n<p>&ldquo;Despite a voluminous and often fervent literature on &quot;income distribution,&quot; the cold fact is that most income is not distributed: It is earned.&rdquo;<br />\r\n--Thomas Sowell</p>\r\n\r\n<p>&nbsp;</p>\r\n\r\n<p>&quot;Beginning today, treat everyone you meet as if they were going to be dead by midnight. Extend to them all the care, kindness, and understanding you can muster, and do it with no thought of any reward. Your life will never be the same again.&quot;&nbsp;<br />\r\n--Og Mandino</p>\r\n\r\n<p>&nbsp;</p>\r\n\r\n<p>The secret of getting ahead is getting started. The secret of getting started is breaking your complex overwhelming tasks into small manageable tasks, and then starting on the first one.<br />\r\n--Mark Twain</p>\r\n\r\n<p>&nbsp;</p>\r\n\r\n<p>&nbsp;&ldquo;Prosperity is a way of living and thinking, and not just money or things. Poverty is a way of living and thinking, and not just a lack of money or things.&rdquo;<br />\r\n--Eric Butterworth&nbsp;</p>\r\n\r\n<p>&nbsp;</p>\r\n\r\n<p>(1) You get the best selling book above, valued at $19.95 (see price at&nbsp;<a href="http://www.amazon.com/Quotes-Prosperity-Insights-Happiness-Success/dp/0646492799/" target="_blank">Amazon.com&nbsp;</a>)</p>\r\n\r\n<p>&nbsp;</p>\r\n\r\n<p>(2) You also get the University of Life Prosperity CD valued at&nbsp;US$14.95 which includes the classic wealth books and MP3s shown below...</p>\r\n\r\n<p>&nbsp;</p>\r\n\r\n<p><img alt="" src="http://www.typingcertification.com/userfiles/image//cdcoversm.png" style="height:280px; width:277px" /></p>\r\n\r\n<p>The CD includes these wealth attraction classics...</p>\r\n\r\n<p><img alt="" src="http://www.typingcertification.com/userfiles/image//Screen%20shot%202010-05-18%20at%2011_49_58%20AM.png" style="height:82px; width:696px" /></p>\r\n\r\n<p>&nbsp;</p>\r\n\r\n<p>So, you get the best selling book and perfect gift that costs US$19.95 at&nbsp;<a href="http://www.amazon.com/Quotes-Prosperity-Insights-Happiness-Success/dp/0646492799/" target="_blank">Amazon.com&nbsp;</a>, PLUS the Prosperity CD valued at US$14.95 for the incredible&nbsp;<a href="http://www.ccnow.com/cgi-local/cart.cgi?edutainment_QUOTESCD_continue-page" target="_blank">price of only US$29.95</a>&nbsp;with&nbsp;FREE shipping!!</p>\r\n\r\n<p>&nbsp;</p>\r\n\r\n<p>That&#39;s right, you get the following for&nbsp;only US$29.95 total!</p>\r\n\r\n<p>&nbsp;</p>\r\n\r\n<p>1 X Quotes for Prosperity usually US$19.95 (inc freight)</p>\r\n\r\n<p>1 x University of Life Prosperity CD usually US$14.95<br />\r\nthat is US$34.90 worth of brilliant material&nbsp;</p>\r\n\r\n<p>for a&nbsp;<a href="http://www.ccnow.com/cgi-local/cart.cgi?edutainment_QUOTESCD_continue-page" target="_blank">total of only US$29.95!</a>&nbsp;(while stocks last)</p>\r\n\r\n<p>&nbsp;</p>\r\n\r\n<p>How can we do this incredible deal? It is because I am the author of &quot;Quotes for Prosperity&quot; and the Prosperity CDs are extras from a very successful Wealth Attraction Seminar, and include the two most influential wealth attraction books ever written.</p>\r\n\r\n<p>So we are passing the huge savings (and basically a free Prosperity CD) on to you as a reward for your loyal support.</p>\r\n\r\n<p>&nbsp;</p>\r\n\r\n<p>If you have not read or listened to the books included on the CD you are not really interested in becoming financially independent.</p>\r\n\r\n<p>&nbsp;</p>\r\n\r\n<p>If you do a search on Google for these titles you will see the thousands of people that have become rich due to these books.</p>\r\n\r\n<p>&nbsp;</p>\r\n\r\n<p>=========100% Money Back Guarantee!===========</p>\r\n\r\n<p>&nbsp;</p>\r\n\r\n<p>&nbsp;</p>\r\n\r\n<p>What&#39;s more, we are so certain that you will love the book, and that the CD will literally change your life, we offer a 30 day 100% money back guarantee! If you are not completely satisfied, simply return it for a FULL no questions asked refund. We can&#39;t be fairer than that!</p>\r\n\r\n<p>&nbsp;</p>\r\n\r\n<p>&nbsp;</p>\r\n\r\n<p>====================</p>\r\n\r\n<p>To order our super special limited offer,&nbsp;<a href="http://www.ccnow.com/cgi-local/cart.cgi?edutainment_QUOTESCD_continue-page" target="_blank">CLICK&nbsp;HERE!</a></p>\r\n\r\n<p>Also, if you prefer you can get the book instantly as an</p>\r\n\r\n<p>eBook version, 200 pages&nbsp;<a href="http://www.ccnow.com/cgi-local/cart.cgi?edutainment_QUOTES_continue-page" target="_blank">now only US$11.95</a>&nbsp;inc CD&nbsp;<br />\r\n(immediate download delivery within 24 hours, CD by airmail within 7 days)</p>\r\n\r\n<p>&nbsp;</p>\r\n\r\n<p>&nbsp;Makes the Perfect Xmas Gift!</p>\r\n\r\n<p>&quot;The fast way to prosperity is to help others prosper&quot;&nbsp;<br />\r\n--Seven Spiritual Secrets of Success</p>\r\n\r\n<p>&nbsp;</p>\r\n\r\n<p>What others are saying about &quot;Think and Grow Rich&quot; included on this CD...</p>\r\n\r\n<p>&nbsp;</p>\r\n\r\n<p>&quot;Achieving any level of REAL wealth, first principles of achieving riches must be fully mastered&hellip; Wealth is the direct result of following life&rsquo;s 17 success principles presented in Napoleon Hill&rsquo;s &lsquo;Think and Grow Rich&rsquo;. I highly recommend this reading, WHY? Ten years ago I read &lsquo;Think and Grow Rich&rsquo; Today the content of this read continues and firmly charts and directs my core thinking of what it means to be truly Rich, and Wealthy!&quot;&nbsp;<br />\r\n- Calvin Lee Ledsome Sr</p>\r\n\r\n<p><br />\r\n&quot;If I had to narrow anyone&#39;s success library down to just one program, it would have to be &quot;Think and Grow Rich.&quot;<br />\r\nIf you get this program and only use it as your intellectual entertainment, you are doing yourself a major disservice.<br />\r\nYou should not only get this program, but listen to it a minimum or 10 times! Then you be amazed at the transformation that will occur throughout all aspects of your life.<br />\r\nIn this program you will truely learn how and why the wealthiest people in the world reach the levels of prosperity and success.&quot;&nbsp;<br />\r\n- Damian Petrini</p>\r\n\r\n<p><br />\r\n&quot;Listen up! I continue to admonish everyone who will listen and hear to read and reread Think and Grow Rich by Napoleon Hill, as well as literally everything else he has written. In my humble estimation this rare information rates right up there with the Bible as a must read, understand and then utilize. Educators are missing the boat if they don&#39;t first of all guide their students in &#39;learning how to think&#39; by studying anything and everything written by Napoleon Hill. This will undoubtedly help them develope the right frame of mind in order to learn whatever pertinent information is necessary for their own personal achievement--and then they&#39;ll be able to go ahead and accomplish their most treasured goals and dreams. I now firmly believe we all were engineered for success by our creator; and infinite intelligence has always been available to anyone who is willing to persist in their quest to always become better today than they were yesterday in all areas of our oh so brief gift of life here on planet Earth. Read up! Thanks for allowing me to help you!&quot;&nbsp;<br />\r\n- Leland Wagness</p>\r\n\r\n<p><br />\r\n&quot;My father recommended that I read &quot;Think and Grow Rich&quot; when I was a teenager. He read it upon recommendation from his father. Now it is an integral part of Reflejos&#39; &quot;boot camp&quot; sales training program for all new hires in my company.<br />\r\nThoughts Are Things.&nbsp;<br />\r\nGracias Se&ntilde;or Hill!&quot;&nbsp;<br />\r\n- Jerry Campagna</p>\r\n\r\n<p>&nbsp;</p>\r\n\r\n<p>To order our super special limited offer,&nbsp;<a href="http://www.ccnow.com/cgi-local/cart.cgi?edutainment_QUOTESCD_continue-page" target="_blank">CLICK&nbsp;HERE!</a></p>\r\n\r\n<p>Also, if you prefer you can get the book instantly as an</p>\r\n\r\n<p>eBook version, 200 pages&nbsp;<a href="http://www.ccnow.com/cgi-local/cart.cgi?edutainment_QUOTES_continue-page" target="_blank">now only US$11.95</a>&nbsp;inc CD&nbsp;<br />\r\n(immediate download delivery within 24 hours, CD by airmail within 7 days)</p>\r\n\r\n<p>&nbsp;<img alt="" src="http://www.typingcertification.com/userfiles/image//entrust.png" style="height:97px; width:97px" /></p>\r\n', NULL),
(5, 'Quotes to Prosperity eBook', '2009-08-13', 'Yes', '<p>Special Offer for TypingCertification.com<br />\r\nClients Only</p>\r\n\r\n<p>Hi Friend,<br />\r\nAs you were taking a typing test recently, it probably means<br />\r\nyou&#39;re looking for a job change,&nbsp; so you&#39;ll want to get your &quot;prosperity&quot; thinking happening.<br />\r\nWhen I first heard the concept that it is your beliefs that determine how you attract success and money etc, I did not believe it. However, I read a lot on the subject and decided to &quot;give it a go&quot;. Since then most of my dreams have come true and I am totally amazed. I now want to pass this information on to you!</p>\r\n\r\n<p>&quot;The greatest discovery of my generation is that human beings<br />\r\ncan alter their lives by altering their attitudes of mind.&quot;<br />\r\n--William James</p>\r\n\r\n<p>As the Author of &quot;Quotes to Prosperity&quot;&nbsp;I am in the position to offer it at an incredible low cost, ONLY to my customers.&nbsp;</p>\r\n\r\n<blockquote><img alt="" src="http://universityoflife.com/userfiles/image//quotescover.png" style="height:655px; width:465px" /></blockquote>\r\n\r\n<p><img alt="" src="http://universityoflife.com/universityoflife/userfiles/image//quotebookcover.jpg" /></p>\r\n\r\n<p><img alt="" src="http://www.typingcertification.com/userfiles/image//backcover.png" style="height:569px; width:468px" /></p>\r\n\r\n<p>The quotes throughout the pages of this book have been hand-picked and lovingly placed to bring a little spark of hope, wisdom and humour into your day.&nbsp;&nbsp;<br />\r\nI started collecting these little pearls over the last few years, and after bringing light and laughter to family and friends, all 369 of them have found their home here amongst these pages of &ldquo;Insights to Inspire Happiness and Success.&rdquo;&nbsp;<br />\r\nWe are sure you will gain some great tips for living, some uplifting insights and even a few laughs.&nbsp;<br />\r\nAfter all, life did not come with an instruction book, and these quotes, from some of the brightest minds in history, are better qualified than most for the job.&nbsp;<br />\r\n&nbsp;&nbsp;<br />\r\nSo here&rsquo;s to your daily dose of happiness and success, wrapped in a little lovable book for reference, meditation or some quick quips.&nbsp;<br />\r\nFrom the &ldquo;University of Life&rdquo;, this book is ideal for you or as a gift.&nbsp;&nbsp;&nbsp;</p>\r\n\r\n<p>&nbsp;</p>\r\n\r\n<p>Below are the types of quotes you will find in the book....</p>\r\n\r\n<p>&nbsp;</p>\r\n\r\n<p>Courage is what it takes to stand up and speak;<br />\r\ncourage is also what it takes to sit down and listen.&nbsp;<br />\r\n-Winston Churchill.<br />\r\n<br />\r\nWealth consists not in having great possessions but in having few wants.&nbsp;<br />\r\n--Esther de Waal&nbsp;<br />\r\n<br />\r\nBy happiness I mean here a deep sense of flourishing that arises from an exceptionally healthy mind. This is not a mere pleasureable feeling, a fleeting emotion, or a mood, but an optimal state of being. Happiness is also a way of interpreting the world, since while it may be difficult to change the world, it is always possible to change the way we look at it.&nbsp;<br />\r\n--Matthieu Ricard&nbsp;<br />\r\n<br />\r\n&quot;In the middle of difficulty lies opportunity.&quot;-&nbsp; Albert Einstein<br />\r\n<br />\r\n&quot;Everything I ever did I copied from someone else&quot;<br />\r\n--Sam Walton<br />\r\n<br />\r\n&quot;If a man does not keep pace with his companions,&nbsp;<br />\r\nperhaps it is because he hears a different drummer&quot;<br />\r\n- Thoreau</p>\r\n\r\n<p>&nbsp;</p>\r\n\r\n<p>Your life changes the moment you make a new, congruent, and committed decision.<br />\r\n--Anthony Robbins&nbsp;</p>\r\n\r\n<p>&nbsp;</p>\r\n\r\n<p>If you enjoyed the quotes above, you will LOVE&nbsp;<br />\r\n&quot;Qutes to Prosperity&quot;</p>\r\n\r\n<p>&nbsp;</p>\r\n\r\n<p>eBook version, 200 pages only US$12.95!</p>\r\n\r\n<p>(new release softcover = US$29.95)</p>\r\n\r\n<p>&nbsp;</p>\r\n\r\n<p>For a pre-launch copy,&nbsp;<a href="http://www.ccnow.com/cgi-local/cart.cgi?edutainment_QUOTES_continue-page" target="_blank">Buy eBook now only US$12.95&nbsp;</a><br />\r\n(immediate download delivery within 24 hours)</p>\r\n\r\n<p>&nbsp;</p>\r\n\r\n<p>&nbsp;Makes a great gift too!</p>\r\n\r\n<p>(ALSO, you take no risk, if you are not fully satisfied with Empowered, just return it within 30 days for a 100% no questions asked refund!)</p>\r\n\r\n<p>&nbsp;</p>\r\n\r\n<p>Free Bonuses!</p>\r\n\r\n<p><a href="http://www.typingcertification.com/ThinkandGrowRich.doc" target="_blank">&nbsp;&quot;Think and Grow Rich&quot; by Napoleon Hill</a><br />\r\n(Word Document)</p>\r\n\r\n<p><a href="http://www.typingcertification.com/GetWhatYouReallyWant.mp3" target="_blank">Get What You Really Want by Dr Wayne Dyer</a><br />\r\n(MP3 Format)</p>\r\n', NULL),
(6, 'Typing Master Pro Typing Software To Downlaod', '2007-12-06', 'Yes', '<p>What if you could write your emails and reports with ease and in half the time? Learn to touch type and you can!&nbsp;<br />\r\n<br />\r\nWith TypingMaster typing tutor, you can learn to type fast without errors and save dozens of valuable working hours every year. Better typing will help you get things done!&nbsp;<br />\r\n<br />\r\nTypingMaster&#39;s extensive, clearly structured study material covers the basics of touch typing, the numeric keypad, special marks and tips on ergonomics. Learning is supported by multi-form exercises, including graphical keyboard drills, timed texts, games and personalized review exercises.&nbsp;<br />\r\n<br />\r\nTypingMaster Pro&#39;s optimal learning features adjust training to your personal progress at every stage. Weak spots are pinpointed and rapidly eliminated with additional exercises. Thanks to this personal approach you can put your new skills into action after only 3 to 5 hours of training.&nbsp;<br />\r\nTypingMaster Pro with Satellite is available at a special bundle price,<a href="http://www.regnow.com/softsell/nph-softsell.cgi?item=3793-3&amp;styleid=12159&amp;linkid=marketplacel">click here to order and download.</a>&nbsp;<br />\r\n<br />\r\n<a href="http://www.regnow.com/softsell/nph-softsell.cgi?item=3793-3&amp;affiliate=65178"><img alt="" src="http://regnow.img.digitalriver.com/vendor/3793/boxshot_flow.gif" /></a></p>\r\n', NULL),
(7, 'Repetitive stress injury Information and Treatment', '2007-09-20', 'Yes', '<p><a name="{0AB3C70D-AC50-11D4-BCC6-00D0B7474671}"><strong>What is repetitive stress injury?</strong></a><br />\r\n&nbsp;</p>\r\n\r\n<ul>\r\n	<li>Repetitive stress injury is the name given to a group of conditions that are caused when too much stress is placed on a joint. Repetitive stress injury happens when the same action is performed over and over.</li>\r\n	<li>Performing the same action over and over can cause pain and swelling in the muscles, tendons and bursae (pronounced bur-say).&nbsp;</li>\r\n	<li>Tendons are the strong flexible bands of tissue that attach muscles to bones.&nbsp;&nbsp;</li>\r\n	<li>Bursae are small sacs filled with fluid that act as cushions between tendons and bones.&nbsp; Bursa is the name used to talk about just one sac.</li>\r\n	<li>The pain and swelling of repetitive stress injury is called inflammation.</li>\r\n	<li>The two most common types of repetitive stress injury are tendinitis and bursitis.&nbsp; Tendinitis is inflammation of a tendon.&nbsp; Bursitis is inflammation of a bursa.</li>\r\n</ul>\r\n\r\n<p><br />\r\nThe term repetitive stress injury, or repetitive strain, refers to a group of conditions caused by placing too much stress on a joint. Repetitive stress injury happens when the same action is performed repeatedly.</p>\r\n\r\n<p>When stress is placed on a joint it pulls on the tissues around it. These tissues include muscles, tendons and bursae. Tendons are the strong flexible bands of tissue that attach muscles to bones.&nbsp;</p>\r\n\r\n<p>Bursae are small fluid-filled sacs that act as cushions between tendons and bones.</p>\r\n\r\n<p>When an action that is stressful to a joint is repeated frequently, such as when playing tennis or typing, the area does not have time to recover and it becomes irritated. This can cause the area to become painful and swollen.&nbsp;</p>\r\n\r\n<p>The two most common types of repetitive stress injury are tendinitis and bursitis.&nbsp;&nbsp;Tendinitis is inflammation of a tendon or the fluid-filled sheath surrounding a tendon. Bursitis is inflammation of a bursa.</p>\r\n\r\n<p><br />\r\n<a name="{0AB3C777-AC50-11D4-BCC6-00D0B7474671}"><strong>How common is repetitive stress injury?</strong></a><br />\r\n&nbsp;</p>\r\n\r\n<ul>\r\n	<li>The exact number of Canadians with repetitive stress injury is not known.</li>\r\n	<li>It can occur in both men and women.</li>\r\n	<li>It usually affects people over the age of 30.&nbsp; However, it can also affect younger people.</li>\r\n	<li>It is more common in people who have jobs that require repetitive actions or that play sports.</li>\r\n</ul>\r\n\r\n<p><br />\r\nRepetitive stress injury generally occurs in those over the age of 30 as a result of the normal wear and tear of aging. The incidence of repetitive stress injury is becoming more widespread as many jobs now require people to make repetitive actions such as typing or clicking a computer mouse. It can also occur more frequently in those who play sports.<br />\r\n<br />\r\n<br />\r\n<a name="{0AB3C7CA-AC50-11D4-BCC6-00D0B7474671}"><strong>What are the warning signs of repetitive stress injury?</strong></a><br />\r\n&nbsp;</p>\r\n\r\n<ul>\r\n	<li>Pain in one specific area.</li>\r\n	<li>The area may also be tender, swollen, red and hot.</li>\r\n	<li>Specific types of repetitive stress injury affect different areas of the body:\r\n	<blockquote>\r\n	<ul>\r\n		<li>Bicipital (pronounced by-sip-i-tal) tendinitis is inflammation of the tendon that attaches the biceps (upper arm muscles) to the shoulder.</li>\r\n		<li>Tennis elbow is inflammation of the muscles attached to the outside of the elbow.</li>\r\n		<li>Golfer&#39;s elbow is inflammation of the muscles on the inside of the elbow.</li>\r\n		<li>Trigger finger is inflammation of the tendons in your hand that you use to make a fist. The swelling may cause bumps to form on the tendon and the fingers to &#39;lock&#39;.</li>\r\n		<li>DeQuervain&#39;s tendosynovitis (pronounced du-ker-vanes ten-do-sin-o-vite-iss) is inflammation of the lining that surrounds the tendons in the thumb.&nbsp; This is one of the most common work injuries.</li>\r\n		<li>Trochanteric (pronounced tro-can-ter-ic) bursitis is inflammation of a bursa on the outer hip.</li>\r\n		<li>Housemaid&#39;s knee is inflammation of the bursa on the front of the kneecap.</li>\r\n	</ul>\r\n	</blockquote>\r\n	</li>\r\n</ul>\r\n\r\n<p><br />\r\nIf you have repetitive stress injury the affected area may be tender, swollen, red and hot. It may be painful for you to move the area and it may wake you up during the night. The pain is usually not widespread throughout the body.<br />\r\n<br />\r\n<br />\r\n<a name="{0AB3C84B-AC50-11D4-BCC6-00D0B7474671}"><strong>What causes repetitive stress injury?</strong></a><br />\r\n&nbsp;</p>\r\n\r\n<blockquote>\r\n<ul>\r\n	<li>Bicipital tendinitis is often caused by using the arm to make repeated scrubbing motions.</li>\r\n	<li>Tennis elbow is caused by repeatedly bending the wrist backwards with force, such as when playing tennis or painting with a brush.</li>\r\n	<li>Golfer&#39;s elbow is caused by repeatedly bending the wrist forward with force, such as when pulling ropes or golfing.</li>\r\n	<li>DeQuervain&#39;s tendosynovitis is caused by repeated pinching or twisting of the wrist.</li>\r\n	<li>Housemaid&#39;s knee is caused by kneeling or leaning forward for a long period of time, such as when scrubbing the floor.</li>\r\n	<li>Some forms of tendinitis and bursitis may also be caused by diseases such as rheumatoid (pronounced room-a-toid) arthritis, gout, psoriatic (pronounced sore-ee-at-ick) arthritis, Reiter&#39;s (pronounced rlt-urz) syndrome, thyroid disease and diabetes.</li>\r\n</ul>\r\n</blockquote>\r\n\r\n<ul>\r\n	<li>Repetitive stress injury is caused when too much stress is placed on a joint as a result of the same action being performed over and over.</li>\r\n	<li>Specific kinds of repetitive stress injury are caused by certain actions:</li>\r\n</ul>\r\n\r\n<p><br />\r\n<br />\r\n<a name="{0AB3C8E4-AC50-11D4-BCC6-00D0B7474671}"><strong>What can you do about repetitive stress injury?</strong></a><br />\r\n&nbsp;</p>\r\n\r\n<ul>\r\n	<li>If your doctor thinks you have repetitive stress injury, he or she may perform a physical examination and certain tests.</li>\r\n	<li>Treatment is done to reduce the pain and swelling and to keep the problem from getting worse.</li>\r\n	<li>Learn as much as you can about this condition.&nbsp; Speaking with your doctor or other people who are specialists in arthritis care can provide you with the information you need.</li>\r\n</ul>\r\n\r\n<p>&nbsp;</p>\r\n\r\n<p>If your doctor thinks you have repetitive stress injury, he or she will perform a physical examination of the area. There are no laboratory tests to confirm diagnosis of tendinitis or bursitis. Blood tests and x-rays may be done to ensure that other conditions associated with tendinitis (such as rheumatoid arthritis, gout, etc.) are not the cause.</p>\r\n\r\n<p>The goal of treating repetitive stress injury is to relieve pain and swelling and to prevent the problem from becoming worse.&nbsp; Your active involvement in developing your prescribed treatment plan is essential.</p>\r\n\r\n<p>&nbsp;</p>\r\n\r\n<p><strong>Medicine</strong></p>\r\n\r\n<ul>\r\n	<li>Non-steroidal anti-inflammatory drugs (NSAIDs - pronounced en-seds) are often used to treat the inflammation of repetitive stress injury.&nbsp; These are a type of medication that helps reduce pain and swelling and decrease stiffness.&nbsp; However, they do not prevent further damage.</li>\r\n</ul>\r\n\r\n<p><br />\r\nNSAIDs reduce pain when taken at a low dose, and relieve inflammation when taken at a higher dose. NSAIDs such as ASA (Aspirin, Anacin, etc.) and ibuprofen (Motrin IB, Advil, etc.) can be purchased without a prescription. Examples of NSAIDs that require a prescription include Naprosyn, Relafen, Indocid, Voltaren, Feldene, and Clinoril. The various NSAIDs and Aspirin?, if taken in full doses, usually have the same levels of anti-inflammatory effect. However, different individuals may experience greater relief from one medication than another. Taking more than one NSAID at a time increases the possibility of side effects, particularly stomach problems such as heartburn, ulcers and bleeding. People taking these medications should consider taking something to protect the stomach, such as misoprostol (Cytotec).&nbsp;</p>\r\n\r\n<ul>\r\n	<li>Oral cortisone could also be prescribed if the swelling does not go away. Cortisone is a steroid that reduces inflammation.</li>\r\n</ul>\r\n\r\n<p>&nbsp;</p>\r\n\r\n<p>Cortisone is a steroid that reduces inflammation and swelling and that can influence regulation of the immune system.&nbsp; It is a hormone naturally produced by the body.&nbsp; Corticosteroids are man-made drugs that closely resemble cortisone.&nbsp;</p>\r\n\r\n<p>The most common form of corticosteroid is called prednisone, taken in pill form. Prednisone use needs to be carefully monitored because of its many side effects, and the drug must never be stopped abruptly. Some of the side effects from long-term use include cataracts, high blood pressure, sleep problems, muscle loss, bruising, thinning of the bones (osteoporosis), weight gain and increased risk of infections.&nbsp; The goal with this and most drugs is to find the lowest effective dose that will avoid as many of the side effects as possible.</p>\r\n\r\n<p>&nbsp;</p>\r\n\r\n<ul>\r\n	<li>Your doctor might also inject cortisone into the affected joint. An occasional cortisone injection into an inflamed joint or tendon brings short-term relief.&nbsp;&nbsp;&nbsp;</li>\r\n</ul>\r\n\r\n<p><br />\r\n<strong>Exercise</strong></p>\r\n\r\n<ul>\r\n	<li>After the pain and swelling has been reduced, exercising can help you strengthen the joint.&nbsp;</li>\r\n	<li>Too much exercise, or the wrong kind could also make the condition worse.&nbsp; Talk to your doctor before starting an exercise program.</li>\r\n</ul>\r\n\r\n<p><br />\r\nAfter the irritation and swelling of the joint has been reduced, it is important to begin exercising the muscles slowly so they do not become irritated again and to prevent loss of movement in the joint. Consult your doctor before beginning an exercise program.&nbsp; He or she may recommend you to a therapist who can show you the proper exercises to do. Before doing any exercise, or any other strenuous or repetitive activity, be sure to &#39;warm up&#39; your muscles first so they can better handle the stress.&nbsp;</p>\r\n\r\n<p><br />\r\n<strong>Cold</strong></p>\r\n\r\n<ul>\r\n	<li>Applying cold helps to lessen the pain and swelling.&nbsp; For example, put an ice pack on the area that is sore.</li>\r\n	<li>If you have a condition that causes you to have poor blood circulation, do not apply cold as it causes the blood vessels to shrink.</li>\r\n</ul>\r\n\r\n<p><br />\r\nCold application can provide temporary relief of the pain of repetitive stress injury. Cold helps numb the area by constricting the blood vessels and blocking nerve impulses in the joint - this reduces the inflammation. If you have poor blood circulation as a result of a condition like Raynaud&#39;s phenomenon (pronounced ray-noze feh-naw-meh-non), you should avoid cold treatments.&nbsp;</p>\r\n\r\n<p><br />\r\n<strong>Protect your joints:</strong></p>\r\n\r\n<ul>\r\n	<li>Be kind to your body.&nbsp; After doing heavy work, or doing the same task over and over, stop.&nbsp; Slow down by doing an easy task, or by taking a rest.</li>\r\n	<li>If you are doing a task for work or a hobby that may have caused your repetitive stress injury, change how you do that task.&nbsp; Find different tools that can make the task easier.</li>\r\n	<li>Use your back, arms and legs in safe ways to avoid putting stress on joints.&nbsp; For example, carry a heavy load close to your body.</li>\r\n	<li>Use helpful devices such as a cart to carry your grocery bags, or an enlarged handle that fits over a knife handle so you can hold it easily.&nbsp; A cart will help you to walk more safely.&nbsp; A grab bar, which attaches to a shower, will help you to get in and out of the tub more easily.</li>\r\n	<li>Consider getting a splint to hold your joint in a comfortable position at night.&nbsp; A splint can help decrease pain, swelling and stiffness.</li>\r\n</ul>\r\n\r\n<p>&nbsp;</p>\r\n\r\n<p>Protecting your joints means using them in ways that avoid excess stress. Benefits include less pain and greater ease in doing tasks.&nbsp; There are several techniques to protect your joints:</p>\r\n\r\n<p>Pacing, by alternating heavy or repeated tasks with easier tasks or breaks, reduces the stress on painful joints and allows weakened muscles to rest.</p>\r\n\r\n<p>Positioning joints wisely helps you use them in ways that avoid extra stress.&nbsp; Use larger, stronger joints to carry loads.&nbsp; For example, use a shoulder bag instead of a hand-held one.&nbsp; Also, avoid keeping the same position for a long period of time.&nbsp;</p>\r\n\r\n<p>Many cases of repetitive stress injury are caused by using the wrong tools or equipment. Using the correct tools that keep you from having to assume awkward positions will help to prevent excess stress on your joints.</p>\r\n\r\n<p>Using helpful devices, such as canes, luggage carts, grocery carts and reaching aids, can help make daily tasks easier.&nbsp; Small appliances such as microwaves, food processors and bread makers can be useful in the kitchen.&nbsp; Using grab bars and shower seats in the bathroom can help you to conserve energy and avoid falls.</p>\r\n\r\n<p>Resting the sore area will reduce the irritation and speed up healing. For some types of tendinitis, splints are available that allow the joint to rest or minimize the amount of irritation to the joint.&nbsp; Your doctor will be able refer you to a therapist who can help find the best splint for you.</p>\r\n\r\n<p>&nbsp;</p>\r\n\r\n<p><strong>Relaxation</strong></p>\r\n\r\n<ul>\r\n	<li>Relaxing the muscles around an inflamed area reduces pain.</li>\r\n	<li>There are many ways to relax.&nbsp; Try deep breathing exercises.&nbsp; Listen to music or relaxation tapes.&nbsp; Meditate or pray.&nbsp; Another way to relax is to imagine or visualize a pleasant activity such as lying on a beach, or sitting in front of a fireplace.</li>\r\n</ul>\r\n\r\n<p><br />\r\nDeveloping good relaxation and coping skills can give you a greater feeling of control over your arthritis and a more positive outlook.<br />\r\n<br />\r\n<br />\r\n<a name="{0AB3CB4A-AC50-11D4-BCC6-00D0B7474671}"><strong>Additional Tips for Living Well</strong></a><br />\r\n&nbsp;</p>\r\n\r\n<ul>\r\n	<li>The Arthritis Society offers a variety of programs and services that can be helpful.</li>\r\n	<li>You can reach the Society at 1-800-321-1433 from anywhere in Canada.</li>\r\n	<li>You can also reach us through our Web site at www.arthritis.ca</li>\r\n</ul>\r\n\r\n<p>&nbsp;</p>\r\n\r\n<p>Along with the physical symptoms of arthritis, many people experience feelings of helplessness and depression. Learning daily living strategies to manage your arthritis gives you a greater feeling of control and a more positive outlook. To get the best results, people affected by arthritis need to form close ties with their doctors and therapists, and become full partners in their treatment. From our perspective, it&#39;s all part of &#39;living well with arthritis.&#39; There are several resources you can use in finding out how best to manage your own arthritis.&nbsp;</p>\r\n\r\n<pre>\r\n<a href="http://www.typingcertification.com/ArticleView.asp?ArticleID=21">Correct Typing Posture Seating to Avoid Repetitive Strain Stress Disorder</a></pre>\r\n', NULL),
(8, 'Typing WPM', '2006-09-06', 'Yes', '<p>Words per minute is a measure of typing speed, commonly used in recruitment.<br />\r\n<br />\r\nWords per minute is also a measure of a telegraph or amateur radio operator&#39;s Morse code speed. Since the codes for different letters differ in length, one needs to specify a reference word. A commonly-used reference word is &quot;PARIS&quot;.<br />\r\n<br />\r\nFor the purposes of WPM measurement a word is standardized to five characters or keystrokes. So, &quot;fifth&quot; counts as one word, but &quot;fifteenth&quot; counts as two.<br />\r\n<br />\r\nThe benefits of a standardized measurement of input speed are that it enables comparison across language and hardware boundaries. The speed of an Afrikaans-speaking operator in Cape Town can be compared with a French-speaking operator in Brussels.<br />\r\n<br />\r\nSomeone having minor experience with keyboards can reach 20 words per minute, an average typist reaches about 30 to 45 (usually the minimum required for dispatch positions and other typing jobs), while advanced typists work at speeds above 60. As of 2005, Barbara Blackburn is the fastest typist in the world, according to The Guinness Book of World Records. Using the Dvorak Simplified Keyboard, she has maintained 150 wpm for 50 minutes, 170 wpm for shorter periods of time, and has been clocked at a peak speed of 212 wpm. Blackburn failed her typing class in high school, first encountered the Dvorak keyboard in 1938, quickly learned to achieve very high speeds, and occasionally toured giving speed-typing demonstrations during her secretarial career.<br />\r\n<br />\r\nA less common form of finding the speed of a typist, the acronym: CPM is used to identify the number of Characters Typed Per Minute. This measurement is not a common measurement of speed considering the difference between typing in different languages. This is a common measurement for typing programs, or typing tutors, as it can give a more accurate measure of a person&#39;s typing speed without having to type for a prolonged period of time. Also used occasionally for associating the speed of a reader with the amount they have read.<br />\r\n<br />\r\nThis is also a measurement that can be associated with older models of printers, but this is often not the case. The most common term associated with the speed of printers today is PPM (Pages per Minute).</p>\r\n', NULL);

-- --------------------------------------------------------

--
-- Table structure for table `content_page`
--

CREATE TABLE `content_page` (
  `id` int(11) NOT NULL,
  `page_name` varchar(255) DEFAULT NULL,
  `page_title` varchar(255) DEFAULT NULL,
  `active` varchar(255) DEFAULT NULL,
  `page_text` text
) ENGINE=InnoDB DEFAULT CHARSET=latin1;

--
-- Dumping data for table `content_page`
--

INSERT INTO `content_page` (`id`, `page_name`, `page_title`, `active`, `page_text`) VALUES
(1, 'Home', 'Home', 'Yes', '<p style="text-align:center"><strong>#1 Most Trusted and Accepted Online Typing Certificate&nbsp;Worldwide!</strong></p>\n\n<p style="text-align:center"><span style="font-size:16px"><span style="color:#ff0000"><strong>(Trusted Since 2002)</strong></span></span></p>\n\n<p style="text-align:center"><br />\nDo You Need An Instant, Reliable, Accurate, and Low-Cost&hellip;ONLINE TYPING CERTIFICATE&hellip;&nbsp;&nbsp;&nbsp;&nbsp;&nbsp;<span style="color:#ff0000">&nbsp; Recognized By Employers All Around the World&nbsp;</span>that will Dramatically Increase Your JOB OPPORTUNITIES &hellip;Guaranteed?<br />\n&nbsp;</p>\n\n<p style="text-align:center">&nbsp;<img alt="typing certificate" src="http://localhost:8080/typingtest/assets/images/certificates/sample.jpg" style="height:165px; width:220px" /></p>\n\n<p style="text-align:center">&nbsp;</p>\n\n<p style="text-align:center"><iframe frameborder="no" height="166" scrolling="no" src="https://w.soundcloud.com/player/?url=https%3A//api.soundcloud.com/tracks/183837823%3Fsecret_token%3Ds-TMB7Y&amp;color=ff5500&amp;auto_play=false&amp;hide_related=true&amp;show_comments=false&amp;show_user=false&amp;show_reposts=false" width="100%"></iframe></p>\n\n<p style="text-align:center">&nbsp;</p>\n\n<p style="text-align:center">Click&nbsp;<img alt="" src="http://www.typingcertification.com/userfiles/image//playbutton.png" style="height:18px; width:17px" />&nbsp;above for 45 seconds of easy instructions!</p>\n\n<p style="text-align:center">&nbsp;</p>\n\n<p style="text-align:center">This test complies with&nbsp;<a href="http://www.typingcertification.com/ArticleView.asp?ArticleID=1">Standard 2708</a></p>\n\n<p style="text-align:center"><br />\nUnlimited<strong><span style="color:#000080">&nbsp;</span><a href="http://www.typingcertification.com/PracticeTest.asp"><span style="color:#000080">free practice tests!</span></a><br />\n<br />\nAND/OR</strong></p>\n\n<p style="text-align:center">&nbsp;</p>\n\n<p style="text-align:center"><br />\n<br />\nTwo tests&nbsp; for just&nbsp;<a href="http://www.typingcertification.com/Register.asp">$7.85 and you print the highest score</a>&nbsp;certificate yourself immediately after the test<br />\n<br />\n<strong>OR&nbsp;</strong>&nbsp;</p>\n\n<p style="text-align:center">&nbsp;Buy&nbsp;<a href="http://www.typingcertification.com/Register.asp">4 instant self print tests</a>&nbsp;at the incredibly low price of $13.95!</p>\n\n<p style="text-align:center"><strong>OR</strong><br />\n<br />\nYou get&nbsp;<a href="http://www.typingcertification.com/Register.asp">four tests to self print AND we print and send your certificate</a>&nbsp;(PLUS get the eBook &ldquo;10 Insider Secrets to Job Hunting Success&rdquo;&nbsp;Valued at $14.95&nbsp;Free!) Mailed to you within 4 -7&nbsp; days for&nbsp;$19.95<br />\n<strong>(includes free eBook + 4 x instant self print certs)</strong></p>\n\n<p style="text-align:center"><strong>(mailed cert on pro gloss photo card)</strong><br />\n<br />\n<strong>OR</strong></p>\n\n<p style="text-align:center"><span style="color:#ff0000"><strong>NEW&nbsp;Best Value Offer!</strong></span></p>\n\n<p style="text-align:center">&nbsp;We have often been asked by certain frequent users if they could get a &quot;Best Value Pack&quot; so (as a limited time trial) we are offering an incredible new package!&nbsp;<br />\nChoose our new &quot;Best Value Offer&quot;&nbsp; and get&nbsp;<span style="background-color:#ffff00">FIVE&nbsp;</span>instant tests (where you immediately print the results) and&nbsp;<span style="background-color:#ffd700">TWO&nbsp;</span>printed certificates (of your highest score, printed by us, and mailed to you within 4-7 days, usually $19.95 each!) PLUS the free eBook (valued at $14.95 ) for just US$24.95! That is over&nbsp;<a href="http://www.typingcertification.com/Register.asp">$54.85 of usual value</a>&nbsp;for only$24.95!</p>\n\n<p style="text-align:center">(Simply choose the&nbsp;certification&nbsp;option that suits you best after your&nbsp;<a href="http://www.typingcertification.com/PracticeTest.asp">FREE practice tests</a>.)<br />\n<br />\nTo verify a candidates typing score&nbsp;<a href="http://www.typingcertification.com/ArticleView.asp?ArticleID=30">Click Here</a>.</p>\n\n<p style="text-align:center"><a href="http://www.typingcertification.com/ArticleView.asp?ArticleID=7" target="_blank">What Others are Saying About Us</a><br />\n<br />\n<strong>&nbsp;&nbsp;</strong>PLUS: You&rsquo;re now entitled to practice for your typing certificate Totally FREE. What this means is that we give you&nbsp;<span style="background-color:#ffff00">FREE unlimited practice attempts</span>&nbsp;so you can become familiar with our testing system. Taking the FREE practice test is quick and easy to set up. Simply log in, start a FREE account and&hellip;that&rsquo;s it! If your score is high enough then you&rsquo;re ready for your official typing certificate &ndash; and that NEW JOB!<br />\n&nbsp;</p>\n\n<p style="text-align:center"><strong><a href="http://www.typingcertification.com/PracticeTest.asp">Yes I&rsquo;d Like My FREE Practice Tests Right Now!</a></strong><br />\n&nbsp;</p>\n\n<p style="text-align:center"><strong>=========================</strong></p>\n\n<p style="text-align:center">&nbsp;&nbsp;&ldquo;After printing my typing certificate I just want you to know how much I appreciate your typing site. I found it user friendly and very reasonably priced. And I truly enjoyed the free practice test.&rdquo;<br />\n<span style="color:#ff0000">--Carmen, S ( age 34). Sydney, Australia.</span><br />\n<br />\n*Full name not used as a privacy measure for this client&nbsp;</p>\n\n<p style="text-align:center"><strong>========================</strong></p>\n\n<p style="text-align:center"><br />\nDate Tuesday 10.30am.<br />\nFrom the Desk of Ian Hewitt<br />\nThe World&rsquo;s First and Most Respected Online Typing Expert.</p>\n\n<p style="text-align:center">&nbsp;&ldquo;The only Typing Specialist on the Internet that guarantees quick, results for job seekers or you money back.&rdquo;&nbsp;<br />\n<br />\nDear Friend,<br />\n<br />\n&nbsp;If you&rsquo;ve been desperately trying to hunt down a job or position that you&rsquo;ve dreamed about but have been continually turned away by employers who annoyingly won&rsquo;t consider you&hellip;or in some cases don&rsquo;t even bother to tell you why you&rsquo;re not suitable for the job&hellip;and you know it&rsquo;s because of your poor typing skills<br />\n<br />\n&hellip;then you&rsquo;re probably at the end of your tether wondering what you have to do to get yourself ahead of other job applicants&hellip;and feel more confident and relaxed about applying for any job or position that requires a higher degree of typing speed and skill&hellip;If this is you, then you can relax.&nbsp;</p>\n\n<p style="text-align:center">&nbsp;This will be the most important letter you&rsquo;ve ever read.&nbsp;<br />\n<br />\n<span style="color:#0000cd">Here&rsquo;s why&hellip;</span><br />\n<br />\n&nbsp;My name is Ian Hewitt and I&rsquo;ve been dedicated and responsible for many years in assisting people to find work by developing and&nbsp;<a href="http://www.typingcertification.com/ImproveYourSpeed.asp" target="_blank">improving their typing skills</a>&nbsp;online with very quick results.&nbsp;</p>\n\n<p style="text-align:center">And I know for sure I can help you quickly and easily FREE yourself from the embarrassment and frustration of job rejection.&nbsp;<br />\n<br />\n&nbsp;And in a minute I&rsquo;ll tell you how you can make positive changes to your typing levels, your employment prospects a lot rosier and your employment future much more secure.</p>\n\n<p style="text-align:center">&nbsp;I&rsquo;ll also show you just how very easily this can be achieved with long-lasting results. But first&hellip;<br />\n<br />\n<span style="color:#0000cd">&hellip;Let me ask you</span><br />\n<br />\n** Do you get uncomfortable at job interviews answering questions about your typing speed and ability? Do you get that sinking feeling when you know for sure that that interviewer is at some stage going to put you to the test to see if you&rsquo;re really up to the mark?&nbsp;<br />\n<br />\n** Do you feel envious of other people who beat you to jobs you have secretly desired, because they are more competent and skilled than you are?</p>\n\n<p style="text-align:center">&nbsp;Do you believe you&rsquo;ve been cheated out of job chances by other more skilled typists who you know you could beat the pants off in a job interview if you could just increase your typing and keyboarding skills a fraction more?<br />\n<br />\n** Do you know you could do a lot better in life if you had good, secure job prospects but have found it all to hard because you don&rsquo;t know where to turn to improve your typing skills?</p>\n\n<p style="text-align:center">&nbsp;Do you have nagging self-doubts about ever being well paid, comfortable and happy in any job for a long period of time due to a lack of confidence in your ability to prove your worth in the workplace?&nbsp;<br />\n<br />\n<span style="color:#0000cd">If this is you, then ask yourself: What would happen&nbsp;<br />\nif you could change this right now? Think about it&hellip;how&nbsp;would you feel?</span><br />\n<br />\n&nbsp;You&rsquo;d feel over the moon wouldn&rsquo;t you? Well hold onto that feeling it will soon be yours for keeps.<br />\n<br />\n&nbsp;So if you&rsquo;re reading this letter, it means you want answers. You want to change, but there&rsquo;s something getting in your way from getting the job you&rsquo;ve always wanted and dreamed about.&nbsp;<br />\n<br />\n&nbsp;The trouble is until today you never thought you could get any job that meant you had to show you could really type with speed, ease and accuracy&hellip;and you have to ask yourself why?<br />\n<br />\n&nbsp;Maybe you&rsquo;ve tried other kinds of offline and online typing tests and programs before without success. Maybe they haven&rsquo;t measured up to your expectations to give you want you want &ndash; an excellent job!<br />\n<br />\n&nbsp;Perhaps you&rsquo;ve considered going to some sort of training course, either part-time or full-time and committing yourself to travel here and there a certain number of hours every week to sharpen your typing skills.&nbsp;</p>\n\n<p style="text-align:center">&nbsp;The problem is in the end you&rsquo;ve realized it&rsquo;s all too expensive and time consuming so you&rsquo;ve given the idea the boot, because there&rsquo;s no guarantee that it will be successful anyway.&nbsp;<br />\n<br />\n&hellip;Or perhaps you may be hoping one day that your typing skills will naturally improve and that a job will drop out of the sky somewhere that will supply you with the right money, a better motor vehicle, better house, travel and a better lifestyle all around.&nbsp;<br />\n<br />\n<span style="color:#0000ff">&nbsp;&nbsp;But wouldn&rsquo;t you love to have the confidence in your typing and keyboarding skills right now without wasting heaps of time and money and start</span><span style="color:#000080">&nbsp;</span><a href="http://edutain.levaduell.hop.clickbank.net/" target="_blank"><span style="color:#000080">securing a future for yourself</span></a><span style="color:#000080">&nbsp;</span><span style="color:#0000ff">without all the hassles and worries of where your next dollar is coming from?</span></p>\n\n<p style="text-align:center"><strong><a href="http://www.typingcertification.com/PracticeTest.asp">Yes I&rsquo;d like to take my typing tests right now!</a></strong></p>\n\n<p style="text-align:center"><strong>&nbsp;</strong>Your life and working prospects WILL get better I can assure of that&hellip;and it&rsquo;s a lot easier than you think. And I&rsquo;ll tell you how to exactly achieve this in a minute. But first, before I get ahead of myself let&rsquo;s&hellip;<br />\n<br />\n<span style="color:#0000ff">&hellip;step into the future for a minute&hellip;</span><br />\n<br />\n&nbsp;Imagine climbing out of bed each morning knowing you don&rsquo;t have to give an ounce of thought to your skill and competency to type with speed and accuracy.</p>\n\n<p style="text-align:center">&nbsp;You feel full of energy and zest for life knowing that any task that&rsquo;s put in front of you at work each day is a push over.&nbsp;<br />\n<br />\n&nbsp;Imagine being so good at your job because of your brilliant typing skills and your superiors are beginning to notice just how reliable and efficient you are at getting your work completed on time, so you&rsquo;re in the box seat for any promotions with the business or company you work for &ndash; and that means more respect and income.&nbsp;<br />\n<br />\n&nbsp;Or what about if you&rsquo;ve just landed a fantastic job above a large number of other applicants and it was all based on&nbsp;<a href="http://www.typingcertification.com/ImproveYourSpeed.asp" target="_blank">your typing skills</a>. Can you see it?</p>\n\n<p style="text-align:center">&nbsp;Imagine exactly what you&rsquo;d feel like; imagine the tremendous benefits you&rsquo;ll receive as an employee due to your new level of typing and keyboarding skill.&nbsp;<br />\n<br />\n<span style="color:#0000ff">&hellip;Did you do it?&nbsp;</span><br />\n<br />\n&nbsp;Did you imagine how your life could be? Could you see yourself experiencing all those things that you can have? That&rsquo;s good if you did.&nbsp;</p>\n\n<p style="text-align:center">&nbsp;Because that&rsquo;s exactly how your new working life could be. And it&rsquo;s not a dream, fantasy, or mere wishful thinking. Not at all. You&rsquo;ll soon realize that by simply&nbsp;<a href="http://www.typingcertification.com/ImproveYourSpeed.asp" target="_blank">learning to type efficiently</a>it&rsquo;s your destiny and it&rsquo;s all very easy to get started.&nbsp;</p>\n\n<p style="text-align:center"><strong><a href="http://www.typingcertification.com/PracticeTest.asp">Yes, Please take me to my typing tests Now!</a></strong></p>\n\n<p style="text-align:center"><span style="color:#0000ff"><strong>&nbsp;&nbsp;</strong>Break through into a confident and brighter new working future. A new future&hellip;</span><br />\n<br />\n** Where you&rsquo;ll feel more empowered and respected in the workplace.<br />\n<br />\n** Where you&rsquo;ll gain enormous power and confidence in any job interview.<br />\n<br />\n** Where&nbsp;<a href="http://edutain.levaduell.hop.clickbank.net/" target="_blank">job opportunities</a>&nbsp;that you never thought possible will come your way.<br />\n<br />\n** Where your earning capacity will strengthen along with your everyday lifestyle.&nbsp;<br />\n<br />\n** Where you&rsquo;ll finally understand that for little effort, massive rewards are to be had through the simple skill of typing.&nbsp;<br />\n<br />\n** Where you&rsquo;ll never have to look over your shoulder again to see who&rsquo;s watching due to your poor typing ability.&nbsp;<br />\n<br />\n<span style="color:#0000ff">&hellip;as if by magic</span><br />\n<br />\nThis can be your new working reality&hellip;your new destiny. And it can begin right now.&nbsp;</p>\n\n<p style="text-align:center"><strong><a href="http://www.typingcertification.com/PracticeTest.asp">I&rsquo;d like to take the FREE typing tests right now!</a></strong></p>\n\n<p style="text-align:center"><span style="color:#0000ff">So how can I say this with such confidence?</span><br />\n<br />\n&nbsp;After owning and operating my very successful company Language Direct for many years, I decided it was time to bring all of the challenging, interesting and useful tools I had acquired within that operation to the Internet.&nbsp;<br />\n<br />\n&nbsp;And so TypingCertification.com was launched;<span style="background-color:#ffff00">the very first online typing certification company in the world to offer instant testing</span>&nbsp;for users to gain easy access to official, reliable and accurate typing certification and information.&nbsp;<br />\n<br />\n&nbsp;&nbsp;We are often asked&nbsp;if our certificates conform to the highest level....here is the answer....<br />\n<br />\n<span style="background-color:#ffd700">Must list that it was a 5 minute typing test....YES (you choose 3 or 5 min)</span><br />\n<span style="background-color:#ffd700">Must have errors on certificate......YES</span><br />\n<span style="background-color:#ffd700">Must be signed by persons authorized to do such testing.....YES</span><br />\n<span style="background-color:#ffd700">Must list gross number of words typed per minute....YES</span><br />\n<span style="background-color:#ffd700">Must be dated....YES</span><br />\n<span style="background-color:#ffd700">Must be on testing agency&#39;s official letterhead or form....YES</span><br />\n<br />\n<span style="color:#0000ff">The integrity of this world first educational resource site was my first priority&hellip;&nbsp;</span><br />\n<br />\n&nbsp;While there have been a few copycats that have tried to duplicate the quality of TypingCertification.com only a few come close.&nbsp;</p>\n\n<p style="text-align:center">&nbsp;In reality they are watered down versions that don&rsquo;t have the experience or resources to provide the right information or service to people who want to gain excellent typing qualifications.<br />\n<br />\n&nbsp;Our tests are designed to duplicate real-life testing experiences to the tee. And TypingCertification.com is purely there to enhance the possibilities of genuine job seekers who want work immediately.&nbsp;<br />\n<br />\n&nbsp;This means we are not interested in dumbing it down with cheap advertising and fancy bells and whistles that distract from it&rsquo;s main purpose &ndash; to get you typing quickly and fast-track your employment prospects &ndash; your success is important too us.&nbsp;<br />\n<br />\n&nbsp;TypingCertification.com pays for itself with the minimal fees we charge when you take a test. Although we concede the fees are low we wanted to make it affordable to everyone who wants to<a href="http://www.typingcertification.com/ImproveYourSpeed.asp" target="_blank">improve their typing skills.</a>&nbsp;<br />\n<br />\n&nbsp;Charging these low fees merely reinforces our commitment to the global community. We do this by making sure that every test is worth something to those who use this brilliant service&nbsp;<br />\n<br />\n&nbsp;Each one of our well thought out and carefully constructed tests at TypingCertification.com offers you an incredibly valuable opportunity to show you what you know in terms of typing excellence.&nbsp;<br />\n<br />\n<span style="color:#0000ff">And yes it&rsquo;s official&hellip;</span><br />\n<br />\n&nbsp;A printed certificate lets you display your level of expertise to friends, parents, teachers and most importantly employers. Our certificates are widely accepted by government and private/ corporate bodies.&nbsp;<br />\n<br />\n&nbsp;And there&rsquo;s no steep learning curve everything at TypingCertification.com is very simple to use as well as exciting and fun.&nbsp;<br />\n<br />\n&nbsp;In fact, in one easy session you&rsquo;ll notice an improvement in your typing instantly.<br />\n<br />\n&nbsp;And I guarantee your success! (More about my outrageous guarantee later.)<br />\n&nbsp;</p>\n\n<p style="text-align:center"><strong><a href="http://www.typingcertification.com/PracticeTest.asp">Yes please I would like to start with my free practise tests now!</a></strong><br />\n&nbsp;</p>\n\n<p style="text-align:center">=====================</p>\n\n<p style="text-align:center">Thank you for the education, fun and information on your website it has helped me heaps.<br />\n<span style="color:#ff0000">--Marie Musall (age 28), Auckland, New Zealand</span><br />\n<br />\nAlso...<br />\n<br />\nI actually got a job I was going for at the time I was using your site. I used your tutor stuff and it was very helpful. It&rsquo;s a great idea.<br />\n<span style="color:#ff0000">--Jessica Kelman (age 54), Manchester, England.</span></p>\n\n<p style="text-align:center">=====================</p>\n\n<p style="text-align:center">&nbsp;So, if your sick and tired of being out of work, fed up missing out because your typing skills are not good enough&hellip;then&hellip;<br />\n<br />\n<span style="color:#0000cd">Here Are 7 Compelling Reasons to choose<br />\nTypingCertification.com<br />\nTo stand out head and shoulders above others in the job cue.</span><br />\n<br />\nCompelling Reason #1:<span style="color:#ff0000">&nbsp;We Provide you with the opportunity to earn a certificate with each paid test.</span><br />\n<br />\n<span style="background-color:#ffff00">&nbsp;&nbsp;By taking your online typing test you will be officially certified</span>&nbsp;according to your particular typing ability. For just $6.95 TypingCerification.com will automatically generate a certificate that you can print out showing your typing ability scores.<br />\n<br />\n&nbsp;Following each test an email is sent to you with your scores and a link to the certificate. Your certificate will show your gross or uncorrected words per minute, as well as your accuracy and adjusted words-per-minute.&nbsp;<br />\n<br />\n&nbsp;You can then forward this email to prospective employers and other interested persons.&nbsp;<br />\n<br />\nPlus: TypingCertification.com gives you a detailed report that includes the length of the test, the completed time, the error count and the official words-per-minute.<br />\n<br />\n&nbsp;For your convenience your typing certificate will on TypingCetification.com for 3 months after you&rsquo;ve completed the test.&nbsp;<br />\n<br />\n&nbsp;And here&rsquo;s another great option. You may choose &ldquo;Print Official Certificate&rdquo;. This is a service we&rsquo;re extremely proud of, and offer our clients the very reasonable price of $18.80 (which includes FREE Airmail delivery world-wide) you&rsquo;ll receive a high-quality, full-color print of your typing certificate that will arrive within 6 days.&nbsp;<br />\n<br />\n<u>Remember: our certificates are well accepted by company and government employers.</u>&nbsp;For government positions simply choose the 5-minute test.&nbsp;<br />\n<br />\nCompelling Reason #2:<span style="color:#ff0000">&nbsp;Take the FREE practice test as many times as you like.</span><br />\n<br />\n&nbsp;As part of our unique service we offer you unlimited FREE practice attempts for your typing test. That&rsquo;s right, by trying our typing tests completely FREE you&rsquo;ll see your results and receive a sample certificate.<br />\n<br />\n&nbsp;When you use a FREE online typing test no one knows how you did on the test but you. What this does is eliminate all the pressure and it gives you a positive idea of how well you&rsquo;ll score on an employer&rsquo;s typing test.<br />\n<br />\n&nbsp;Even if you think you are a good typist it&rsquo;s a good idea to use our FREE typing test at TypingCertification.com just to make sure of your standing.&nbsp;<br />\n<br />\n&nbsp;To get started simply set up a FREE account, log in, and start taking the FREE typing test. The FREE typing tests were developed to accommodate and reflect all the pressures associated with the job marketplace. So we&rsquo;ll defiantly get you on the front foot when it counts.&nbsp;</p>\n\n<p style="text-align:center"><strong><a href="http://www.typingcertification.com/PracticeTest.asp">Yes I&#39;d like to take my FREE typing tests Right Now!</a></strong><br />\n&nbsp;</p>\n\n<p style="text-align:center"><strong>=====================</strong></p>\n\n<p style="text-align:center"><strong>&nbsp;</strong>This is the best typing test I&rsquo;ve ever taken. It is so helpful, and I love the free tests. These tests are also so much fun!&nbsp;<br />\nI got 42-words per-minute and 0 mistakes. Thank you so much.<br />\n<span style="color:#ff0000">-- Taura Golafshan (age 21), Ohio.</span><br />\n<br />\n&nbsp;The test was awesome!! I loved it. Thank you for the customer service too<br />\n<span style="color:#ff0000">--Greg Parvin (age 19), Hobart, Tasmania.</span><br />\n<br />\n&nbsp;Thank you for the free sample typing. This is a good way for people to check their skill and see if they would like to advance with your classes and other offers.&nbsp;<br />\n<span style="color:#ff0000">-- Polly Wong (age 55). Singapore</span></p>\n\n<p style="text-align:center"><span style="color:#000080"><strong>======================</strong></span></p>\n\n<p style="text-align:center"><br />\nCompelling Reason #3:&nbsp;<span style="color:#ff0000">My Complete No Risks, Iron Clad, 100% Double Guarantee: If My Typing Tests Don&rsquo;t Deliver You Don&rsquo;t Pay A Cent!</span><br />\n<br />\nMy Powerful &ldquo;RISK IS ON ME, IRON CLAD, LIFETIME,&nbsp;<br />\n100% Money- Back Double Guarantee<br />\n<span style="color:#ff0000">No One Dares To Guarantee Their Typing Certificates Will Be Accepted By Any Employer&hellip; But I Do!</span><br />\n<br />\nFIRST: I guarantee that if you are not able to complete the testing, I will either credit you with bonus replacement typing tests or completely refund your money.<br />\n<br />\n&nbsp;Plus, if for any reason at any point during the testing process you are not happy and decide to not proceed prior to receiving you typing certificate I will refund your money.<br />\n<br />\n&nbsp;Free credits will also be given if technical difficulties are encountered like browser crashes.&nbsp;<br />\n<br />\n<span style="color:#ff0000">SECOND Life Time Guarantee</span>:&nbsp;In the unlikely event of your typing certificate issued by TypingCertification.com not being accepted by employers I will refund your money Immediately!<br />\n<br />\n&nbsp;That goes to show how fully confidant we are in our ability to provide a top quality, efficient and unique typing testing site.<br />\n<br />\n&nbsp;So if you are not happy for any reason at all you can still get a no questions asked, no risks cover on any testing we do. Now I couldn&rsquo;t be fairer than that could I?&nbsp;</p>\n\n<p style="text-align:center"><strong>====================</strong><br />\n&nbsp;</p>\n\n<p style="text-align:center"><strong><a href="http://www.typingcertification.com/PracticeTest.asp">OK,&nbsp; I would like to begin free testing now</a></strong></p>\n\n<p style="text-align:center">Compelling Reason #4:<span style="color:#ff0000">&nbsp;My Limited FREE eBook Offer!</span><br />\n<br />\nMy FREE LIMITED TIME eBOOK OFFER: For this month only, buy 4 tests at the incredibly low price of $12.90 and get the&nbsp;<u>&ldquo;10 Insider Secrets to Job Hunting Success &ndash; Everything You Need to Get the Job in 24 Hours or Less&rdquo;</u>&nbsp;<u>Valued</u>&nbsp;at $19.95!<br />\n<br />\n&nbsp;This incredible resource means a lot to me but I thought it was only fair to offer it to you my valued client as way of saying thank you for doing business with me.<br />\n<br />\n&nbsp;Please don&rsquo;t miss out on this one it&rsquo;s something I really want you to have for your future as a graduate member of&nbsp;<u>TypingCertification.com</u><br />\n<br />\nCompelling Reason #5:<span style="color:#ff0000">&nbsp;People Like You With Keyboarding Skills Are Never Going To Be Left Out In the Cold Because They Have Advanced Typing Ability.&nbsp;</span><br />\n<br />\n&nbsp;Today most people use computers, and the typewriter has become a fixture in the corner of the mailroom in most places. But that doesn&rsquo;t mean that typing skills are obsolete.&nbsp;<br />\n<br />\n&nbsp;In fact, where typing speed and accuracy were once required only by administrative and clerical staff, almost every job today requires being able to use a computer keyboard accurately. And that makes typing test like ours more important than ever.&nbsp;<br />\n<br />\n&nbsp;A typing test measures both the speed and accuracy of a typist under limited conditions. It&rsquo;s not acceptable to be fast and sloppy, or slow and accurate. You have to be best at both&hellip;<a href="http://www.typingcertification.com/ImproveYourSpeed.asp" target="_blank"><span style="background-color:#ffd700">and we&rsquo;ll get you there</span></a><span style="background-color:#ffd700">.&nbsp;</span><br />\n<br />\nCompelling Reason<span style="background-color:#dda0dd"> #6:Special Offer For Corporate Users.</span><br />\n<br />\nAt present we are running a special offer for corporate users where if you order 34 tests at $118.15 then email me a notice of payment I will credit you a total of 50 tests at the outrageous value of $2.36 a test.&nbsp;<br />\n<br />\nSimply sign up and choose a user name and password that you can supply to test takers. Upon completion they get a certificate that is automatically generated for printing.&nbsp;<br />\n<br />\nThey also get a copy of the score with a link to the certificate from an email address of your choosing. Now that&rsquo;s a bargain in anyone&rsquo;s language!&nbsp;<br />\n<br />\nCompelling Reason #7:&nbsp;<span style="background-color:#ee82ee">TypingCertification.com Gives You A True and Honest Assessment of Your Typing Ability.</span><br />\n<br />\nIf anything we are quite strict, so if you can type at 40 words-per-minute with us then you can certainly type at 40 words-per-minute. We believe you can probably type faster than that, as our test is difficult rather than easy, like some other online tests.&nbsp;<br />\n<br />\nThis is why we allow FREE practice tests before you pay one cent for your &ldquo;official&rdquo; test.&nbsp;<br />\n<br />\nThere have been others who have tried to mimic us because we were the first and most successful website in the world for developing and testing typing skills. And we believe there is still inly only one TypingCertification.com.&nbsp;</p>\n\n<p style="text-align:center">&nbsp;We have been testing and certifying typists and keyboarders for companies and government employees for many years and will continue to lead the field.&nbsp;<br />\n&nbsp;</p>\n\n<p style="text-align:center"><strong><a href="http://www.typingcertification.com/PracticeTest.asp">I&rsquo;ll go ahead and take the quick &amp; easy FREE tests Now!</a></strong></p>\n\n<p style="text-align:center">=====================</p>\n\n<p style="text-align:center"><span style="color:#ff0000">Cherie Smith (age 21), Ipswich. Qld -</span><br />\nI just wanted to thanks heaps for looking after me and giving more confidence in my typing skills. Although I didn&rsquo;t quite get to 40 words-per-minutes for this new job, I went from 30 to 39. So thank you for the opportunity. .<br />\n<br />\n<span style="color:#ff0000">Susan B (age 39), Florida-</span><br />\nThank you Ian for your excellent customer service, I&rsquo;m a devout advocate.<br />\n<br />\n*Full Name not use as a privacy measure for this client.</p>\n\n<p style="text-align:center">====================</p>\n\n<p style="text-align:center"><br />\nHere&rsquo;s Who Shouldn&rsquo;t Register<br />\n<br />\n* If you&rsquo;re not willing to change your attitude to finding a job immediately and step into a brighter future, then I can&rsquo;t help you.<br />\n<br />\n* If you have a closed mind and you are already thinking, &ldquo;this won&rsquo;t work for me&rdquo; then please don&rsquo;t register&hellip;you&rsquo;re just taking someone&rsquo;s spot who wants our assistance.<br />\n<br />\n* If you want the cheapest service you can get and pay the lowest possible price to change your employment potential, then please don&rsquo;t register, We work with people who respect our ability to instantly&nbsp;<a href="http://www.typingcertification.com/ImproveYourSpeed.asp" target="_blank">improve their typing skills</a>&nbsp;and are willing to pay the small amount we charge to see that happen!<br />\n<br />\nHowever if you&rsquo;re a person who wants the best and who is willing to let us help you dramatically upgrade your typing and keyboarding skills then I urge you to register right now.&nbsp;<br />\n&nbsp;</p>\n\n<p style="text-align:center"><strong><a href="http://www.typingcertification.com/PracticeTest.asp">That sounds great I&rsquo;d like to take the free test Now!</a></strong></p>\n\n<p style="text-align:center"><br />\nRemember there are unlimited FREE tests and loads of FREE tutorial typing games and learning materials available so you can&nbsp;<a href="http://www.typingcertification.com/ImproveYourSpeed.asp" target="_blank">improve your typing skills</a>&nbsp;quickly and easily in a fun and exciting way before you even pay one cent! And your certificate is completely&hellip;Guaranteed!<br />\n&nbsp;</p>\n\n<p style="text-align:center"><span style="color:#ff0000">Why settle for anything less than a truly rewarding life?</span></p>\n\n<p style="text-align:center"><br />\nWith great typing and keyboarding skills the world can be your oyster&hellip;and you&rsquo;ll have your cake and eat it too.<br />\n<br />\nAnd what&rsquo;s better, the change and development is fast and for a lifetime&hellip;with only a little effort on your behalf.&nbsp;</p>\n\n<p style="text-align:center">There&rsquo;s absolutely no reason why you should keep struggling and suffering the disappointment of missing out on employment.&nbsp;<br />\n<br />\nYou know there is so much more to this life of yours. While you linger without improving your abilities you&rsquo;re only &ldquo;half living&rdquo; and you&rsquo;re missing out on all the good things that should be yours.&nbsp;<br />\n<br />\n&nbsp;You don&rsquo;t have to go on banging your head against a brick wall and missing out on work opportunities because you can&rsquo;t type with the efficiency you desire.&nbsp;<br />\n<br />\n&nbsp;If you don&rsquo;t make a stand right now nothing, absolutely nothing will change.&nbsp;<br />\n<br />\nIf everything were sweet and rosy in your life and money poured in out of nowhere you wouldn&rsquo;t be reading this letter. So you have taken the first step&hellip;and first step is awareness.&nbsp;<br />\n<br />\n&nbsp;You&rsquo;ve acknowledged that you need to improve your keyboarding and typing skills to get work and I admire you for your courage.&nbsp;<br />\n&nbsp;</p>\n\n<p style="text-align:center"><span style="color:#ff0000">The next step is action&hellip;</span><br />\n&nbsp;</p>\n\n<p style="text-align:center"><strong><a href="http://www.typingcertification.com/PracticeTest.asp">I agree please test me right now!</a></strong></p>\n\n<p style="text-align:center">&nbsp;Whatever it is that you want, whether you want a promotion or a new job to bring in regular income that&rsquo;s been missing in your life&hellip;you will greatly improve your opportunities and horizons&hellip;with my unique typing and keyboarding skills and development online site.<br />\n<br />\nBecome the person you want to be!<br />\n<br />\nExperience the thrill of actually getting your typing skills up to speed and accuracy and landing that new job or promotion because you&rsquo;ve impressed your employer. The rewards are waiting for you.&nbsp;<br />\n<br />\nI look forward to you joining me and so many of my satisfied members at TypingCertification.com.&nbsp;<br />\n<br />\n<br />\nWarm Regards,</p>\n\n<p style="text-align:center"><img alt="" src="http://www.typingcertification.com/UserFiles/Image/signature(.png" style="height:50px; width:222px" />&nbsp;<br />\n<br />\nP.S. Remember your Typing Certificate is full guaranteed, so if for some unusual reason an employer does not accept it you don&rsquo;t risk one cent. That&rsquo;s how confident I am that you&rsquo;ll be happy with your results.<br />\n<br />\nP.P.S. And please don&rsquo;s forget my FREE LIMITED TIME eBOOK OFFER: For this month only, buy 4 tests at the incredibly low price of $12.95 and get the &ldquo;10 Insider Secrets to Job Hunting Success &ndash; Everything You Need to Get the Job in 24 Hours or Less&rdquo; Valued at $19.95!<br />\n<br />\nP.P.P.S. For&nbsp;<a href="http://www.typingcertification.com/CorporateRegistration.asp">corporate users</a>&nbsp;please usually order&nbsp; in multiples of our FOUR tests for $13.95 , you only pay $3.48 each to remote test your candidates.&nbsp;</p>\n\n<p style="text-align:center">However this month, just sign up and email us for 5 FREE credits to test our system!</p>\n\n<p style="text-align:center">&nbsp;</p>\n\n<p style="text-align:center">&nbsp;</p>'),
(2, 'About US', 'About Us', 'Yes', '<p>TypingCertification.com, was established by Language Direct, a company that brings challenging, interesting and useful tools to the Internet. The integrity of this site is paramount. Tests are designed to duplicate real-life testing experiences. Further, the integrity of the site is not diluted with advertising or other distractions. The site pays for itself with minimal fees collected from test takers. While the fees are low enough to be affordable to all, charging fees reinforces our commitment to making sure that every test is worth something to the test taker. Each one of the tests on the site offers a true and valuable opportunity to show what you know. A printed certificate lets the holder display their level of expertise to friends, parents, teachers and employers. If you would like to know more about TypingCertification.com, please email</p>\r\n\r\n<p>webmaster@TypingCertification.com<br />\r\nLanguage Direct<br />\r\nNumber 1963<br />\r\n14781 Memorial Dr.<br />\r\nHouston, TX 77079<br />\r\nUSA</p>\r\n\r\n<p>Other related Language Direct sites are .....</p>\r\n\r\n<p><a href="http://www.certificatecenter.com/" target="_blank">Certificate Center Online Testing Certification</a><br />\r\nEmployee Testing Tutorials - Corporate Training</p>\r\n\r\n<p><br />\r\n<br />\r\n<a href="http://www.phuketvacationapartments.com/">Phuket Holiday Apartments</a><br />\r\nBest place for a holiday in Asia!<br />\r\n<br />\r\n<a href="http://www.teststeststests.com/" target="_blank">Tests Tests Tests</a><br />\r\nRanging from serious IQ tests to the Sexual Color Test!</p>\r\n\r\n<p><a href="http://www.languagedirect.com/" target="_blank">Language Direct Study Languages&nbsp;</a><br />\r\nBest Language Learning Site Online&nbsp;</p>\r\n\r\n<p><br />\r\n&nbsp;</p>'),
(3, NULL, 'Corporate Registration', 'Yes', '<p>This registration form is only for corporate users who would be using our site to test others. In case you are not a corporate user, please<a href="http://www.typingcertification.com/Includes/FCKeditor/editor/Register.asp">click here</a>.<br />\r\n<br />\r\nPlease enter your full name, company name, email address and password in the form below and click on the &quot;Register&quot; button once.<br />\r\n<br />\r\nAfter registration of a corporate account, and payment for a number of tests. You will be able to send each candidate an email with their unique login details to take the test, and you will be informed of the results immediately after the test is taken.<br />\r\nBoth you and the candidate will also be able to print an official certificate showing the results if desired.&nbsp;<br />\r\n<br />\r\n=========<br />\r\n&quot;Yes, that&#39;s what I needed.&nbsp; Thanks!&nbsp;&nbsp;&nbsp; I used most of the credits today.<br />\r\nThanks for offering a great site that meets our needs.&quot;<br />\r\n<br />\r\nLinda Higbee<br />\r\nAdministrative Assistant<br />\r\nTipton County Extension Education Center<br />\r\n=========<br />\r\n<br />\r\nFeel free to open an account and then email me for&nbsp;FIVE free creditsto test our system. (special, this month only)<br />\r\n<br />\r\nCheers,&nbsp;</p>\r\n\r\n<p><img alt="" src="http://www.universityoflife.com/UserFiles/Image/Picture%201%281%29.png" style="height:50px; width:222px" /></p>'),
(4, NULL, 'FAQ', 'Yes', '<p>FAQ</p>\r\n\r\n<p>NOTE: There is only one space after a period, as per&nbsp;<br />\r\n<a href="http://www.typingcertification.com/ArticleView.asp?ArticleID=11" target="_blank">How many spaces after a period when typing?</a></p>\r\n\r\n<p>(1)<br />\r\n<br />\r\nQ)&nbsp;<br />\r\nI am Kenneth Todd and my comments are : I just have a question for you.<br />\r\nI am thinking about taking the cerified test around Monday night before a job interview on Tuesday. My question to you is, if I did the typing certificate thing and if the employer was to not accept this certificate, then how do we go about getting my money back if that was to happen. Do I have to have them fill out a form or something. I am sure that there would be some way that I would have to prove that, this happened to me. I am not saying that it would but I am just trying to cover myself too. I would hate to lose out on being able to get a refund if this happened because I did not take the proper steps to cover myself too. I would appreciate a response on this. Thank you very much.&nbsp;<br />\r\n<br />\r\nA)&nbsp;<br />\r\nHi Kenneth, yes, you would just contact me (with user name and if you paid with PayPal or 2CO) and let me know name of company and phone number. We immediately refund your money. Then later and anonymously, we contact them and find out their typing test policy.<br />\r\n<br />\r\n===============<br />\r\n(2)<br />\r\nQ)<br />\r\nI am Satinder and my comments are : i have question. i need to take typing test but below are the requirements that i need to have on certificate. do you guys have this.<br />\r\ncertificate or signed statement needs to include below<br />\r\nQ1). That i took 5 mins typing test<br />\r\n<br />\r\nA1)<br />\r\nYou can choose a 5 min test.<br />\r\n<br />\r\nQ2).My score in gross speed,number of error,and net speed<br />\r\n<br />\r\nA2) Yes, all included...<br />\r\n<br />\r\nQ3). Date of exam<br />\r\n<br />\r\nA3) Included<br />\r\n<br />\r\nQ4) Signature of staff veryfying the results of exam<br />\r\n<br />\r\nA4) All certificates are signed by IE Hewitt as Auditor and M Sharp as Analyst<br />\r\n<br />\r\n==============<br />\r\n(3)<br />\r\nQ)<br />\r\nI am Sherry Kluxdal and my comments are : Hello,<br />\r\nI have a question ... Why would an employer accept a printed certificate from a test generated on your site when it would be simple enough to have someone with better typing skills take the test for the applicant?<br />\r\n<br />\r\nA)<br />\r\nIf you are dishonest enough and find another as dishonest as that, then you could cheat, but what good would that do if you got the job? You would be found out eventually, so no point.&nbsp;<br />\r\nAlso, like other online certification, we feel the use of credit card (that matches the test takers name) as pretty reasonable proof that it is the credit card owner who took the test.&nbsp;<br />\r\n<br />\r\n=================<br />\r\n(4)<br />\r\nQ)<br />\r\nWhat are the subjects of the tests and can I choose which I get?<br />\r\n<br />\r\nA)<br />\r\nThe tests are chosen at random so there is a variety and are not likely to be memorized. The sujects are as follows...<br />\r\n<br />\r\n<br />\r\nBusiness Plan<br />\r\n<br />\r\nEarth History<br />\r\n<br />\r\nHarry Potter&nbsp;<br />\r\n<br />\r\nMystery&nbsp;<br />\r\n<br />\r\nPlanet Pluto&nbsp;<br />\r\n<br />\r\nPolitics&nbsp;<br />\r\n<br />\r\nSherlock Holmes</p>\r\n\r\n<p>&nbsp;</p>\r\n\r\n<p>5)<br />\r\nQ)&nbsp;</p>\r\n\r\n<p>Hi. I was just wondering if your certificate is recognizable up in Canada?&nbsp;<br />\r\nI need to have a typing certification for the Royal Canadian Mounted&nbsp;<br />\r\nPolice and was not wanting to have to hit up a college.&nbsp;</p>\r\n\r\n<p>A)<br />\r\nHmm, you need to ask them really. The police always want a 5 min test which we do. But they sometimes insist on the test being &quot;supervised&quot; which means someone watches the test, which we don&#39;t provide.&nbsp;<br />\r\n<br />\r\nYou may suggest that you do the test in their office while they watch.&nbsp;</p>\r\n\r\n<p>&nbsp;</p>\r\n\r\n<p>6)</p>\r\n\r\n<p>Q)</p>\r\n\r\n<p>Hi, should I use one space or two after a period?</p>\r\n\r\n<p>A)</p>\r\n\r\n<p>These days it is accepted that just one space is used after a period.&nbsp;</p>\r\n\r\n<p>===================</p>\r\n\r\n<p>Hi Darren,&nbsp;<br />\r\n<br />\r\nIs your typing certificate / test created using Mavis Beacon software?<br />\r\nIf so, does it state that on the certificate?<br />\r\n<br />\r\n**No, it has nothing to do with&nbsp;<a href="http://www.amazon.com/gp/search?ie=UTF8&amp;keywords=Mavis%20beacon&amp;tag=successbooks00&amp;index=software&amp;linkCode=ur2&amp;camp=1789&amp;creative=9325" target="_blank">Mavis Beacon</a>&nbsp;other than we suggest it is&nbsp;<br />\r\ngreat typing software and recommend it. .&nbsp;</p>\r\n\r\n<p>Ian</p>\r\n\r\n<p>============================================</p>\r\n\r\n<p>&nbsp;</p>\r\n\r\n<p>(Q)I have just finished two certification typing tests.&nbsp; I printed two of them, which is required for an appointment I have.&nbsp; This appointment says minimun required wpm of 45, which I met but &quot;after&quot; errors, the certificate says uncorrected.&nbsp; Does this mean this certificate would not be valid for what I am needing?</p>\r\n\r\n<p>-diane white</p>\r\n\r\n<p>(A)</p>\r\n\r\n<p>Relax, it has been corrected, all that matters is the NET score, you typed at 55WPM which is very good.&nbsp;<br />\r\nYou can tell any employer to email me about you certificate and we can verify your score. Or even show them this email if needed.&nbsp;<br />\r\nSee copy of certificate attached.</p>\r\n\r\n<p>Cheers Ian</p>\r\n\r\n<p>=================</p>\r\n\r\n<p>You&rsquo;re awesome!&nbsp; I tried to leave a positive comment on your website, but did not find a customer testimonial section.<br />\r\nThanks so much!<br />\r\n--Tracie S</p>\r\n\r\n<p>Thanks Tracie, glad we could help ; )<br />\r\nCheers Ian</p>\r\n\r\n<p><br />\r\n======================================</p>\r\n\r\n<p>Is this recognized in Canada? If you are saying it is, and I don&#39;t get recognition from the Police department or government offices, then do you reimburse my fee? Do I need them to sign something saying it is not valid in Canada to get a reimbursement? Thank you, Michelle<br />\r\n&nbsp;</p>\r\n\r\n<p>Hi Michele,&nbsp;<br />\r\n<br />\r\nIf you get the self print option and it is not accepted we refund. They don&#39;t have to sign anything we just need details of who&nbsp;<br />\r\ndid not accept it. However, better to ask them as Police often do not accept unsupervised tests.&nbsp;<br />\r\nAlso, sometimes if you show them this,&nbsp; they may accept ours but not others.&nbsp;<br />\r\n<br />\r\nSee&nbsp;<a href="http://www.typingcertification.com/ArticleView.asp?ArticleID=1" target="_blank">Standard No.2708/2001</a></p>\r\n\r\n<p>===================================</p>\r\n\r\n<p><iframe frameborder="0" height="60" name="google_ads_frame" scrolling="no" src="http://pagead2.googlesyndication.com/pagead/ads?client=ca-pub-0087522306513536&amp;dt=1162356894625&amp;lmt=1162356894&amp;alternate_ad_url=http%3A%2F%2Funiversityoflife.com%2Fbannerpage.htm&amp;format=468x60_as&amp;output=html&amp;channel=0972599258&amp;url=http%3A%2F%2Fwww.typingcertification.com%2Fadmin%2FContent1.asp%3FPage%3DFAQs&amp;u_h=864&amp;u_w=1152&amp;u_ah=834&amp;u_aw=1152&amp;u_cd=32&amp;u_tz=330&amp;u_his=7&amp;u_java=true" width="468"></iframe></p>'),
(5, NULL, 'Privacy Policy', 'Yes', '<p>We do not and will not, sell, loan or otherwise share your login, user (or any private info) details with any outside party. Only http://www.typingcertificates.com/ will use your details for any reason and then only to track you as a user and the occasional email update that refers to this or our related sites only.</p>\r\n\r\n<p>&nbsp;</p>'),
(6, 'Contact Us', 'Contact Us', 'Yes', '<table align="center" border="0" cellpadding="0" cellspacing="10" style="width:95%">\r\n	<tbody>\r\n		<tr>\r\n			<td>If you have a suggestion or comment&nbsp;<a href="http://www.typingcertification.com/contact-form.php"><strong>click here</strong></a>&nbsp;for an email form</td>\r\n		</tr>\r\n		<tr>\r\n			<td>If you are experiencing technical difficulties with:</td>\r\n		</tr>\r\n		<tr>\r\n			<td>\r\n			<ul>\r\n				<li>Printing certificates</li>\r\n				<li>Test displays</li>\r\n				<li>Timeouts</li>\r\n				<li>Or other problems</li>\r\n			</ul>\r\n			</td>\r\n		</tr>\r\n		<tr>\r\n			<td>\r\n			<p><a href="http://www.typingcertification.com/contact-form.php">Click here</a>&nbsp;for a technical reporting form.<br />\r\n			<br />\r\n			Best method of contact is via reporting form above, just click on link and we will usually get back to you within 12 hours.&nbsp;</p>\r\n\r\n			<p>&nbsp;</p>\r\n\r\n			<p>Australian Office</p>\r\n			<br />\r\n			Australian ABN\r\n			<p>56475388353</p>\r\n\r\n			<p>&nbsp;1 Marlock Place<br />\r\n			Woodlands 6018<br />\r\n			Australia</p>\r\n\r\n			<p>&nbsp;</p>\r\n\r\n			<p>USA&nbsp;Office</p>\r\n\r\n			<p>Ian Hewitt<br />\r\n			#1963<br />\r\n			1321 Upland Drive,&nbsp;<br />\r\n			Houston, TX 77043<br />\r\n			USA<br />\r\n			<br />\r\n			<br />\r\n			<br />\r\n			<br />\r\n			<br />\r\n			&nbsp;</p>\r\n			</td>\r\n		</tr>\r\n	</tbody>\r\n</table>');
INSERT INTO `content_page` (`id`, `page_name`, `page_title`, `active`, `page_text`) VALUES
(7, NULL, 'Related Links', 'Yes', '<p>&nbsp;</p>\r\n\r\n<table align="center" cellspacing="10">\r\n	<tbody>\r\n		<tr>\r\n			<td>&nbsp;</td>\r\n		</tr>\r\n		<tr>\r\n			<td><a href="http://certificatecenter.com/" target="_blank">Certificate Center Online Aptitude Tests and Career Training Certification</a></td>\r\n			<td>:</td>\r\n			<td>\r\n			<p>Certification - Career Training Assessment and Aptitude Tests</p>\r\n\r\n			<p>Teacher led $129 Certificate$9.95</p>\r\n			</td>\r\n		</tr>\r\n		<tr>\r\n			<td><a href="http://teststeststests.com/" target="_new">TestsTestsTests.com</a></td>\r\n			<td>:</td>\r\n			<td>Free Entertainment and Computer Tests</td>\r\n		</tr>\r\n		<tr>\r\n			<td><a href="http://www.expertrating.com/details.asp?examid=107&amp;catid=27&amp;affid=14" target="_new">Numeric Typing Skills Certification</a></td>\r\n			<td>:</td>\r\n			<td>An Internet based test that accurately assesses your numeric typing speed and accuracy on a numeric keypad.</td>\r\n		</tr>\r\n		<tr>\r\n			<td><a href="http://www.thehungersite.com/index.html" target="_new">TheHungerSite.com</a></td>\r\n			<td>:</td>\r\n			<td>Visit this site, click the donate button,a unit of food for starving children will be paid for by a corporate sponsor. We CAN make a difference!</td>\r\n		</tr>\r\n		<tr>\r\n			<td><a href="http://www.flashshoppingmall.com/" target="_new">FlashShoppingMall.com</a></td>\r\n			<td>:</td>\r\n			<td>Is it a game or a Mall, very cool...</td>\r\n		</tr>\r\n		<tr>\r\n			<td><a href="http://edutain.levaduell.hop.clickbank.net/" target="_new">Secretarial Business In-A-Box</a></td>\r\n			<td>:</td>\r\n			<td>Earn good income from your typing skills!</td>\r\n		</tr>\r\n		<tr>\r\n		</tr>\r\n	</tbody>\r\n</table>\r\n\r\n<p>From the creator of this site, a new fun site with fun tests and much more!<br />\r\n<a href="http://www.ianhewitt.com/blog/viewblog/3" target="_blank">Fun Monthly eZine inc Tests</a>&nbsp;<br />\r\nOur mission is to be the #1 fun eZine online, did we&nbsp;<br />\r\nsucceed?</p>\r\n\r\n<p>&nbsp;</p>'),
(8, NULL, 'Improve Your Speed', 'Yes', '<table align="center" cellspacing="10">\r\n	<tbody>\r\n		<tr>\r\n			<td>&nbsp;</td>\r\n			<td>&nbsp;</td>\r\n			<td>&nbsp;</td>\r\n		</tr>\r\n		<tr>\r\n			<td>&nbsp;</td>\r\n			<td>&nbsp;</td>\r\n			<td>&nbsp;</td>\r\n		</tr>\r\n		<tr>\r\n			<td><a href="http://www.amazon.com/gp/search?ie=UTF8&amp;keywords=Mavis%20beacon&amp;tag=successbooks00&amp;index=software&amp;linkCode=ur2&amp;camp=1789&amp;creative=9325" target="_blank">Mavis Beacon Teaches Typing</a></td>\r\n			<td>:</td>\r\n			<td><br />\r\n			Mavis Beacon has taught millions to type! &quot;My wife recently learned to type with Mavis, she is getting faster and faster!&quot; Highly recommended!</td>\r\n		</tr>\r\n		<tr>\r\n		</tr>\r\n		<tr>\r\n			<td><a href="http://www.expertrating.com/details.asp?examid=107&amp;catid=27&amp;affid=14" target="_new">Numeric Typing Skills Certification</a></td>\r\n			<td>:</td>\r\n			<td>An Internet based test that accurately assesses your numeric typing speed and accuracy on a numeric keypad.</td>\r\n		</tr>\r\n		<tr>\r\n			<td><a href="http://www.popcap.com/gamepopup.php?theGame=typershark" target="_new">Typing Game Online</a></td>\r\n			<td>:</td>\r\n			<td>Typer Shark game. You choose basic online or download and then type to play!</td>\r\n		</tr>\r\n		<tr>\r\n			<td><a href="http://www.regnow.com/softsell/nph-softsell.cgi?item=13853-3&amp;affiliate=65178&amp;ss_short_order=true" target="_new">Typing Tutor</a></td>\r\n			<td>:</td>\r\n			<td>\r\n			<p>Typing Tutor Download Online</p>\r\n\r\n			<p>This excellent software is written in order to increase your English keyboard typing speed, through teaching the basics of how to put your hand on to the keyboard and give some training examples. Each lesson teaches some extra keys, and there is also a practice, if it is chosen, one can practice the previous keys learned through the previous lessons. The words chosen in the practice are mostly meaningful and relates to the tough keys.</p>\r\n\r\n			<p>The first window, contains two columns, the left column carry the user names. The program can enable different users to work on the same computer, and each user has his own data, and details as the last lesson he reached and his typing speed. The right column carries the buttons as shown.&nbsp;<br />\r\n			The first button is &quot;Typing Lessons&quot;, this is used to learn how to use the keyboard through 12 lessons, and each lesson adds about 2-4 keys and teaches the hidden secrets of typing.<br />\r\n			The second button is &quot;Typing practice&quot;, this is used to practice typing, the software shows a document to write and checks what is written and then will give an overview of how many mistakes the user made and how many correct hits and so on.<br />\r\n			The third button is &quot;Typing game&quot;, this is used to play an interesting typing game, where some letters are falling and the user has to hit the correct letters to gain points and there are different levels, in each level the falling speed will increase.<br />\r\n			The fourth button is &quot;Statistics&quot;, it is to show the statistics of the available users working with the program.<br />\r\n			The fifth button is &quot;Change name&quot;, it is used to change the name of the user.<br />\r\n			The sixth button is &quot;Delete user&quot;, it is used if you want to delete a user.<br />\r\n			The seventh button is &quot;Register&quot;, it is to register the software and to send feedback.</p>\r\n			<a href="http://hotdownloads.com/trialware/download/Download_kbtyping.exe?item=13853-3&amp;affiliate=65178" target="_new">Typing Tutor FREE Trial</a></td>\r\n		</tr>\r\n		<tr>\r\n			<td><a href="http://www.miniclip.com/games/alphattack/en/" target="_new">Alpha Attack</a></td>\r\n			<td>:</td>\r\n			<td>Fun, Free, Typing Game you choose level!</td>\r\n		</tr>\r\n	</tbody>\r\n</table>\r\n\r\n<p>&nbsp;</p>'),
(9, NULL, 'New Affiliate', 'Yes', '<p>Welcome to the Typing Certification Affiliate Program - we&#39;re delighted to have you as our newest Member!<br />\r\n<br />\r\nP.S. - You may download your FREE copy of The Roadmap to Internet&nbsp;<br />\r\nMarketing Success from the following location:<br />\r\n<br />\r\nhttp://gotio.com/InternetMarketingSuccess.pdf&nbsp;<br />\r\n&nbsp;</p>');

-- --------------------------------------------------------

--
-- Table structure for table `creditflow`
--

CREATE TABLE `creditflow` (
  `id` int(11) NOT NULL,
  `member_id` int(11) DEFAULT NULL,
  `date` datetime DEFAULT NULL,
  `credits` decimal(10,0) DEFAULT NULL,
  `narration` text
) ENGINE=InnoDB DEFAULT CHARSET=latin1;

--
-- Dumping data for table `creditflow`
--

INSERT INTO `creditflow` (`id`, `member_id`, `date`, `credits`, `narration`) VALUES
(1, 4, '2016-09-22 08:41:00', '0', 'Account Opened'),
(2, 4, '2016-09-22 10:07:05', '5', 'Free Credits granted by admin :5'),
(3, 4, '2016-09-22 11:17:06', '-1', 'Certification test taken'),
(4, 2, '2016-09-26 08:04:39', '4', ' Credits : 4 , Print Certificates Credit : 2 Added in Price : 5'),
(5, NULL, '2018-03-16 11:47:48', '-1', 'Certification test taken'),
(6, NULL, '2018-03-16 12:01:41', '-1', 'Certification test taken'),
(7, NULL, '2018-03-16 12:01:47', '-1', 'Certification test taken'),
(8, 1, '2018-03-26 15:36:01', '-1', 'Certification test taken'),
(9, 1, '2018-03-26 15:36:31', '-1', 'Certification test taken'),
(10, 1, '2018-03-26 15:38:36', '-1', 'Certification test taken'),
(11, 1, '2018-03-26 15:39:39', '-1', 'Certification test taken'),
(12, 1, '2018-03-26 15:41:24', '-1', 'Certification test taken'),
(13, 1, '2018-03-26 15:43:21', '-1', 'Certification test taken'),
(14, 1, '2018-03-26 15:43:48', '-1', 'Certification test taken'),
(15, 1, '2018-03-26 15:45:04', '-1', 'Certification test taken'),
(16, 1, '2018-03-26 15:46:06', '-1', 'Certification test taken'),
(17, 1, '2018-03-26 15:46:58', '-1', 'Certification test taken'),
(18, 1, '2018-03-26 15:47:03', '-1', 'Certification test taken'),
(19, 1, '2018-03-26 15:48:43', '-1', 'Certification test taken'),
(20, 1, '2018-03-26 15:49:57', '-1', 'Certification test taken'),
(21, 1, '2018-03-26 15:50:00', '-1', 'Certification test taken'),
(22, 1, '2018-03-26 15:51:38', '-1', 'Certification test taken'),
(23, 1, '2018-03-26 15:51:50', '-1', 'Certification test taken'),
(24, 1, '2018-03-26 15:52:23', '-1', 'Certification test taken'),
(25, 1, '2018-03-26 15:52:26', '-1', 'Certification test taken'),
(26, 1, '2018-03-26 16:01:58', '-1', 'Certification test taken'),
(27, 5, '2018-04-09 14:39:14', '0', 'Account Opened'),
(28, 9, '2018-04-14 09:40:49', '0', 'Account Opened');

-- --------------------------------------------------------

--
-- Table structure for table `member`
--

CREATE TABLE `member` (
  `id` int(11) NOT NULL,
  `corporate_member_id` int(11) DEFAULT NULL,
  `first_name` varchar(255) DEFAULT NULL,
  `last_name` varchar(255) DEFAULT NULL,
  `company_name` varchar(255) DEFAULT NULL,
  `email` varchar(255) DEFAULT NULL,
  `password` varchar(255) DEFAULT NULL,
  `account_type` varchar(255) DEFAULT NULL,
  `created_on` datetime DEFAULT NULL,
  `credits_remaining` int(11) DEFAULT NULL,
  `certificates_remaining` int(11) DEFAULT NULL
) ENGINE=InnoDB DEFAULT CHARSET=latin1;

--
-- Dumping data for table `member`
--

INSERT INTO `member` (`id`, `corporate_member_id`, `first_name`, `last_name`, `company_name`, `email`, `password`, `account_type`, `created_on`, `credits_remaining`, `certificates_remaining`) VALUES
(1, NULL, 'tttttppp', 'fdfd', 'tttt', 'admin@gmail.com', '$2y$10$cBx3iyuWEqdO4H150hKT0.OFXvitlz8LEzX.ww5.oT3CBVM0Wgeoq', 'Corporate', NULL, -18, NULL),
(2, NULL, 'Test', NULL, 'user', 'parash@dsvinfosolutions.com', '$2y$10$Pxtju4GHgayT8PFqONHpMOQMUtrDnQx9DwrnIej80IYBOefbxR.me', 'Personal', NULL, 2, 4),
(3, NULL, 'parash1', 'dheer', NULL, 'admin1@gmail.com', '$2y$10$tTqctWBR2cdk7u78nYS/oeubh50gLODBtc/5MVL2.OPHdhEFFWXyO', 'Personal', '2016-09-22 08:13:26', NULL, NULL),
(4, NULL, 'parash', 'dheer', NULL, 'admin2@gmail.com', '$2y$10$OOvLAH4/aEI53LeMw9ujtO0HGOdgeNlQcM3qJU7NOU760/P7klj1i', 'Personal', '2016-09-22 08:41:00', 3, 0),
(5, NULL, 'admin', 'admin', NULL, 'xyz@gmail.com', '$2y$10$A1adB1E55VgBcs3a.p/KquH0v5QHBjLniTwRpx6uaxJ4NnYsnKPy2', 'Personal', '2018-04-09 14:39:14', 0, 0),
(6, NULL, 'vikas', 'singh', NULL, 'vikas@gmail.com', '$2y$10$c153HZlp2K4FxyMe.nT5seZTQkN2Y4Uc5MiS37RPZpkLeY1QFm1Fa', 'Corporate', '2018-04-14 09:32:55', 0, 0),
(9, NULL, 'vicky', 'singh', NULL, 'vk@email.com', '$2y$10$G..IH5V18/j7mZxPH5p7mebodeZjtlGpgoFlHaQl3WzgXrX2kkooi', 'Corporate', '2018-04-14 09:40:49', 0, 0);

-- --------------------------------------------------------

--
-- Table structure for table `orders`
--

CREATE TABLE `orders` (
  `id` int(11) NOT NULL,
  `transaction_id` int(11) DEFAULT NULL,
  `member_id` int(11) DEFAULT NULL,
  `result_id` int(11) DEFAULT NULL,
  `status` varchar(255) DEFAULT NULL
) ENGINE=InnoDB DEFAULT CHARSET=latin1;

-- --------------------------------------------------------

--
-- Table structure for table `postbacks`
--

CREATE TABLE `postbacks` (
  `id` int(11) NOT NULL,
  `transaction_id` int(11) DEFAULT NULL,
  `gateway` varchar(255) DEFAULT NULL,
  `gateway_unique_id` varchar(255) DEFAULT NULL,
  `date_received` datetime DEFAULT NULL,
  `postback_string` text,
  `status` varchar(255) DEFAULT NULL,
  `postback_data` text
) ENGINE=InnoDB DEFAULT CHARSET=latin1;

--
-- Dumping data for table `postbacks`
--

INSERT INTO `postbacks` (`id`, `transaction_id`, `gateway`, `gateway_unique_id`, `date_received`, `postback_string`, `status`, `postback_data`) VALUES
(6, 1, 'Paypal', '6NU437207T422125H', '2016-09-26 08:04:39', 'cmd=_notify-validate&mc_gross=5.00&protection_eligibility=Eligible&address_status=confirmed&payer_id=C99ZYUPK7BCVQ&tax=0.00&address_street=1+Main+St&payment_date=05%3A04%3A35+Sep+26%2C+2016+PDT&payment_status=Completed&charset=windows-1252&address_zip=95131&first_name=DSV&mc_fee=0.45&address_country_code=US&address_name=DSV+Tiwari&notify_version=3.8&custom=1&payer_status=verified&business=dsvseller%40gmail.com&address_country=United+States&address_city=San+Jose&quantity=1&verify_sign=A-6xki9zSqhzaT35SN1MdGgLf6S-A9Smd4N48Mdt9P1xw9kxFluVHfzG&payer_email=dsvbuyer%40gmail.com&txn_id=6NU437207T422125H&payment_type=instant&last_name=Tiwari&address_state=CA&receiver_email=dsvseller%40gmail.com&payment_fee=0.45&receiver_id=AL7FBC2GE47RJ&txn_type=web_accept&item_name=TypingCertification.com%3A+new+product&mc_currency=USD&item_number=&residence_country=US&test_ipn=1&handling_amount=0.00&transaction_subject=&payment_gross=5.00&shipping=0.00&ipn_track_id=52f0ba9a93cb', 'Payment processed successfully.', '');

-- --------------------------------------------------------

--
-- Table structure for table `product`
--

CREATE TABLE `product` (
  `id` int(11) NOT NULL,
  `product_title` varchar(255) DEFAULT NULL,
  `test_credits` decimal(10,0) DEFAULT NULL,
  `free_credits` decimal(10,0) DEFAULT NULL,
  `printed_certificates` decimal(10,0) DEFAULT NULL,
  `price` decimal(10,0) DEFAULT NULL,
  `upgrade_to` int(11) DEFAULT NULL,
  `upgrade_text` text,
  `entry_date` date DEFAULT NULL,
  `status` int(11) DEFAULT NULL
) ENGINE=InnoDB DEFAULT CHARSET=latin1;

--
-- Dumping data for table `product`
--

INSERT INTO `product` (`id`, `product_title`, `test_credits`, `free_credits`, `printed_certificates`, `price`, `upgrade_to`, `upgrade_text`, `entry_date`, `status`) VALUES
(1, 'New Product', '5', '4', '5', '4', 2, '<p><u>fghy</u><em><u>h</u> yufg uy</em> jg<strong>hj ghj</strong></p>\r\n', NULL, NULL),
(2, 'new product', '1', '3', '2', '5', 0, '<p>&nbsp;ghdgh dfgh fgh gfhfg h</p>\r\n', NULL, NULL);

-- --------------------------------------------------------

--
-- Table structure for table `profile`
--

CREATE TABLE `profile` (
  `id` int(11) NOT NULL,
  `user_id` int(11) NOT NULL,
  `first_name` varchar(55) DEFAULT NULL,
  `last_name` varchar(55) DEFAULT NULL,
  `dob` date DEFAULT NULL,
  `gender` varchar(255) DEFAULT NULL,
  `entry_date` date DEFAULT NULL
) ENGINE=InnoDB DEFAULT CHARSET=latin1;

--
-- Dumping data for table `profile`
--

INSERT INTO `profile` (`id`, `user_id`, `first_name`, `last_name`, `dob`, `gender`, `entry_date`) VALUES
(1, 2, 'parash', 'dheer', NULL, NULL, '2016-08-23');

-- --------------------------------------------------------

--
-- Table structure for table `registration_log`
--

CREATE TABLE `registration_log` (
  `id` int(11) NOT NULL,
  `ip_address` varchar(255) DEFAULT NULL,
  `member_id` int(11) DEFAULT NULL,
  `time` datetime DEFAULT NULL
) ENGINE=InnoDB DEFAULT CHARSET=latin1;

-- --------------------------------------------------------

--
-- Table structure for table `results`
--

CREATE TABLE `results` (
  `id` int(11) NOT NULL,
  `member_id` int(11) DEFAULT NULL,
  `test_date` datetime DEFAULT NULL,
  `transaction_id` int(11) DEFAULT NULL,
  `test_duration` int(11) DEFAULT NULL,
  `test_time` int(11) DEFAULT NULL,
  `UWPM` decimal(10,0) DEFAULT NULL,
  `UCPM` decimal(10,0) DEFAULT NULL,
  `accuracy` decimal(10,0) DEFAULT NULL,
  `avg_CWPM` decimal(10,0) DEFAULT NULL
) ENGINE=InnoDB DEFAULT CHARSET=latin1;

--
-- Dumping data for table `results`
--

INSERT INTO `results` (`id`, `member_id`, `test_date`, `transaction_id`, `test_duration`, `test_time`, `UWPM`, `UCPM`, `accuracy`, `avg_CWPM`) VALUES
(1, 4, '2016-09-22 11:17:06', 3, 180, 8, '198', '1035', '100', '198'),
(2, 2, '2018-03-03 11:59:34', 6, 180, 5, '13', '756', '0', '0'),
(7, NULL, '2018-03-03 12:53:08', 12, NULL, 1, '63', '540', '0', '0'),
(8, NULL, '2018-03-03 13:05:03', 13, NULL, 1, '63', '360', '0', '0'),
(30, 2, '2018-03-03 13:21:00', 35, 180, 2, '32', '270', '0', '0'),
(31, 1, '2018-03-26 15:43:48', 14, 5, 300, '0', '0', '0', '0');

-- --------------------------------------------------------

--
-- Table structure for table `sales_page`
--

CREATE TABLE `sales_page` (
  `id` int(11) NOT NULL,
  `page_title` varchar(255) DEFAULT NULL,
  `active` varchar(255) DEFAULT NULL,
  `entry_date` date DEFAULT NULL,
  `page_text` text,
  `hits` int(11) DEFAULT NULL,
  `conversions` int(11) DEFAULT NULL
) ENGINE=InnoDB DEFAULT CHARSET=latin1;

--
-- Dumping data for table `sales_page`
--

INSERT INTO `sales_page` (`id`, `page_title`, `active`, `entry_date`, `page_text`, `hits`, `conversions`) VALUES
(1, 'test sales page', 'No', '2018-03-05', '<p>ujyuui iyu iu yu u&nbsp;</p>', NULL, NULL);

-- --------------------------------------------------------

--
-- Table structure for table `test`
--

CREATE TABLE `test` (
  `id` int(11) NOT NULL,
  `test_title` varchar(255) DEFAULT NULL,
  `test_duration` varchar(255) DEFAULT NULL,
  `test_text` varchar(255) DEFAULT NULL,
  `status` varchar(255) NOT NULL
) ENGINE=InnoDB DEFAULT CHARSET=latin1;

--
-- Dumping data for table `test`
--

INSERT INTO `test` (`id`, `test_title`, `test_duration`, `test_text`, `status`) VALUES
(1, 'Blueberries', '30', 'Do you know how blueberries grow? They grow on bushes. Each blueberry is small and round. Many blueberries can grow on one bush. At first, the blueberries are green. The green berries are not ready to eat yet. They need a lot of sun and rain to help them', ''),
(2, 'Chipmunk', '180', 'One day, all of the animals of the forest gathered together in a clearing. They wondered if it would be better to remain in darkness, or if it would be better to also have light.', ''),
(3, 'How They Grow', '30', 'How does a butterfly grow? It starts out as a tiny egg. It becomes a caterpillar. It eats lots of leaves. It grows and grows. Then it goes inside a cocoon. At last, it comes out. It''s a butterfly!', ''),
(4, 'Blueberries', '180', 'Do you know how blueberries grow? They grow on bushes. Each blueberry is small and round. Many blueberries can grow on one bush. At first, the blueberries are green. The green berries are not ready to eat yet. They need a lot of sun and rain to help them ', ''),
(5, 'Blueberries', '300', 'Do you know how blueberries grow? They grow on bushes. Each blueberry is small and round. Many blueberries can grow on one bush. At first, the blueberries are green. The green berries are not ready to eat yet. They need a lot of sun and rain to help them ', ''),
(6, 'Chipmunk', '30', 'One day, all of the animals of the forest gathered together in a clearing. They wondered if it would be better to remain in darkness, or if it would be better to also have light.', ''),
(8, 'Chipmunk', '180', 'One day, all of the animals of the forest gathered together in a clearing. They wondered if it would be better to remain in darkness, or if it would be better to also have light. Deer, Chipmunk, Raccoon, Wolf, Bear, and many other creatures climbed to the', ''),
(9, 'Chipmunk', '180', 'One day, all of the animals of the forest gathered together in a clearing. They wondered if it would be better to remain in darkness, or if it would be better to also have light. Deer, Chipmunk, Raccoon, Wolf, Bear, and many other creatures climbed to the', ''),
(10, 'Chipmunk', '300', 'One day, all of the animals of the forest gathered together in a clearing. They wondered if it would be better to remain in darkness, or if it would be better to also have light. Deer, Chipmunk, Raccoon, Wolf, Bear, and many other creatures climbed to the', ''),
(11, 'How They Grow', '30', 'How does a butterfly grow? It starts out as a tiny egg. It becomes a caterpillar. It eats lots of leaves. It grows and grows. Then it goes inside a cocoon. At last, it comes out. Its a butterfly!', ''),
(12, 'How They Grow', '180', 'How does a butterfly grow? It starts out as a tiny egg. It becomes a caterpillar. It eats lots of leaves. It grows and grows. Then it goes inside a cocoon. At last, it comes out. Its a butterfly!\r\nHow does a frog grow? It starts out as a tiny egg in the ', ''),
(13, 'Llama', '30', 'Once there was a young Inca boy. He had no family except for an old llama. Each day the boy and his llama walked many miles, looking for a home. Each night they curled up together and slept.\r\n But one starry evening, the old llama died. The boy buried his', ''),
(14, 'Llama', '180', 'Once there was a young Inca boy. He had no family except for an old llama. Each day the boy and his llama walked many miles, looking for a home. Each night they curled up together and slept. But one starry evening, the old llama died. The boy buried his f', ''),
(15, 'Maya Mystery', '30', 'The Mayan Indians lived in Mexico for thousands of years before the Spanish arrived in the 1500s. The Maya were an intelligent, culturally rich people whose achievements were many. They had farms, beautiful palaces, and cities with many buildings.', ''),
(16, 'Maya Mystery', '30', 'The Mayan Indians lived in Mexico for thousands of years before the Spanish arrived in the 1500s. The Maya were an intelligent, culturally rich people whose achievements were many. They had farms, beautiful palaces, and cities with many buildings.', ''),
(17, 'Maya Mystery', '180', 'The Mayan Indians lived in Mexico for thousands of years before the Spanish arrived in the 1500s. The Maya were an intelligent, culturally rich people whose achievements were many. They had farms, beautiful palaces, and cities with many buildings. The May', ''),
(18, 'outer Space', '30', 'From far out in space, Earth looks like a blue ball. Since water covers three-fourths of the Earths surface, blue is the color we see most. The continents look brown, like small islands floating in the huge, blue sea.', ''),
(19, 'Outer Space', '180', 'From far out in space, Earth looks like a blue ball. Since water covers three-fourths of the Earths surface, blue is the color we see most. The continents look brown, like small islands floating in the huge, blue sea. White clouds wrap around the Earth l', '');

-- --------------------------------------------------------

--
-- Table structure for table `transactions`
--

CREATE TABLE `transactions` (
  `id` int(11) NOT NULL,
  `transaction_date` datetime DEFAULT NULL,
  `member_id` int(11) DEFAULT NULL,
  `member_email` varchar(255) DEFAULT NULL,
  `credits_purchased` int(11) DEFAULT NULL,
  `free_credits` int(11) DEFAULT NULL,
  `certificates` int(11) DEFAULT NULL,
  `price` decimal(10,0) DEFAULT NULL,
  `quantity` int(11) DEFAULT NULL,
  `amount` decimal(10,0) DEFAULT NULL,
  `status` varchar(255) DEFAULT NULL
) ENGINE=InnoDB DEFAULT CHARSET=latin1;

--
-- Dumping data for table `transactions`
--

INSERT INTO `transactions` (`id`, `transaction_date`, `member_id`, `member_email`, `credits_purchased`, `free_credits`, `certificates`, `price`, `quantity`, `amount`, `status`) VALUES
(1, '2016-09-26 08:03:52', 2, 'parash@dsvinfosolutions.com', 1, 3, 2, '5', 1, '5', 'Completed'),
(2, '2018-03-03 10:00:49', 2, 'parash@dsvinfosolutions.com', 1, 3, 2, '5', 1, '5', 'Pending'),
(3, '2018-03-03 10:01:27', 2, 'parash@dsvinfosolutions.com', 5, 4, 5, '4', 1, '4', 'Pending'),
(4, '2018-03-03 10:01:48', 2, 'parash@dsvinfosolutions.com', 1, 3, 2, '5', 1, '5', 'Pending'),
(9, '2018-03-03 10:32:44', 7, 'vikas@gmail.com', 1, 3, 2, '5', 1, '5', 'Pending'),
(10, '2018-03-03 10:39:28', 7, 'vikas@gmail.com', 1, 3, 2, '5', 1, '5', 'Pending'),
(11, '2018-03-03 10:39:31', 7, 'vikas@gmail.com', 1, 3, 2, '5', 1, '5', 'Pending'),
(12, '2018-03-03 14:02:51', 1, 'admin@gmail.com', 5, 4, 5, '4', 1, '4', 'Completed'),
(13, '2018-04-09 15:09:35', 5, 'xyz@gmail.com', 5, 4, 5, '4', 1, '4', 'Pending');

-- --------------------------------------------------------

--
-- Table structure for table `users`
--

CREATE TABLE `users` (
  `id` int(11) NOT NULL,
  `first_name` varchar(255) DEFAULT NULL,
  `last_name` varchar(255) DEFAULT NULL,
  `username` varchar(255) DEFAULT NULL,
  `email` varchar(55) NOT NULL,
  `password` varchar(255) NOT NULL,
  `access_level` varchar(255) DEFAULT NULL,
  `role` tinyint(4) NOT NULL,
  `status` tinyint(4) NOT NULL,
  `login_attempts` tinyint(4) NOT NULL DEFAULT '0',
  `forget_req` int(11) DEFAULT NULL
) ENGINE=InnoDB DEFAULT CHARSET=latin1;

--
-- Dumping data for table `users`
--

INSERT INTO `users` (`id`, `first_name`, `last_name`, `username`, `email`, `password`, `access_level`, `role`, `status`, `login_attempts`, `forget_req`) VALUES
(2, NULL, NULL, 'admin', 'admin@gmail.com', '123', NULL, 0, 0, 0, NULL),
(4, 'changed fname', 'lname', 'gfdgdfg', '', '$2y$10$/fu4bPbco8zvEgE3qMwsbejhPz7lucNR7dtKA.8bb2Pqz8FG96JRG', 'Master Administrator', 0, 0, 0, NULL),
(6, 'parash', 'dheer', 'parash', '', '$2y$10$pmP14Nn47N4zBPQkTgPhKelP40xVihD3sdlfoqD95pBNGGtalQK9a', 'Master Administrator', 0, 0, 0, NULL),
(7, 'New', 'User', 'new123', 'vikas@gmail.com', '$2y$10$lCFfvKW2JMH3g5zhs8zGZ.CpV4LaWTgJw1kCoxjhUEuPmNkrz4Mu2', 'Master Administrator', 0, 0, 0, NULL);

--
-- Indexes for dumped tables
--

--
-- Indexes for table `article`
--
ALTER TABLE `article`
  ADD PRIMARY KEY (`id`);

--
-- Indexes for table `content_page`
--
ALTER TABLE `content_page`
  ADD PRIMARY KEY (`id`);

--
-- Indexes for table `creditflow`
--
ALTER TABLE `creditflow`
  ADD PRIMARY KEY (`id`);

--
-- Indexes for table `member`
--
ALTER TABLE `member`
  ADD PRIMARY KEY (`id`);

--
-- Indexes for table `orders`
--
ALTER TABLE `orders`
  ADD PRIMARY KEY (`id`);

--
-- Indexes for table `postbacks`
--
ALTER TABLE `postbacks`
  ADD PRIMARY KEY (`id`);

--
-- Indexes for table `product`
--
ALTER TABLE `product`
  ADD PRIMARY KEY (`id`);

--
-- Indexes for table `profile`
--
ALTER TABLE `profile`
  ADD PRIMARY KEY (`id`);

--
-- Indexes for table `registration_log`
--
ALTER TABLE `registration_log`
  ADD PRIMARY KEY (`id`);

--
-- Indexes for table `results`
--
ALTER TABLE `results`
  ADD PRIMARY KEY (`id`);

--
-- Indexes for table `sales_page`
--
ALTER TABLE `sales_page`
  ADD PRIMARY KEY (`id`);

--
-- Indexes for table `test`
--
ALTER TABLE `test`
  ADD PRIMARY KEY (`id`);

--
-- Indexes for table `transactions`
--
ALTER TABLE `transactions`
  ADD PRIMARY KEY (`id`);

--
-- Indexes for table `users`
--
ALTER TABLE `users`
  ADD PRIMARY KEY (`id`);

--
-- AUTO_INCREMENT for dumped tables
--

--
-- AUTO_INCREMENT for table `article`
--
ALTER TABLE `article`
  MODIFY `id` int(11) NOT NULL AUTO_INCREMENT, AUTO_INCREMENT=9;
--
-- AUTO_INCREMENT for table `content_page`
--
ALTER TABLE `content_page`
  MODIFY `id` int(11) NOT NULL AUTO_INCREMENT, AUTO_INCREMENT=10;
--
-- AUTO_INCREMENT for table `creditflow`
--
ALTER TABLE `creditflow`
  MODIFY `id` int(11) NOT NULL AUTO_INCREMENT, AUTO_INCREMENT=29;
--
-- AUTO_INCREMENT for table `member`
--
ALTER TABLE `member`
  MODIFY `id` int(11) NOT NULL AUTO_INCREMENT, AUTO_INCREMENT=10;
--
-- AUTO_INCREMENT for table `orders`
--
ALTER TABLE `orders`
  MODIFY `id` int(11) NOT NULL AUTO_INCREMENT;
--
-- AUTO_INCREMENT for table `postbacks`
--
ALTER TABLE `postbacks`
  MODIFY `id` int(11) NOT NULL AUTO_INCREMENT, AUTO_INCREMENT=7;
--
-- AUTO_INCREMENT for table `product`
--
ALTER TABLE `product`
  MODIFY `id` int(11) NOT NULL AUTO_INCREMENT, AUTO_INCREMENT=3;
--
-- AUTO_INCREMENT for table `profile`
--
ALTER TABLE `profile`
  MODIFY `id` int(11) NOT NULL AUTO_INCREMENT, AUTO_INCREMENT=2;
--
-- AUTO_INCREMENT for table `registration_log`
--
ALTER TABLE `registration_log`
  MODIFY `id` int(11) NOT NULL AUTO_INCREMENT;
--
-- AUTO_INCREMENT for table `results`
--
ALTER TABLE `results`
  MODIFY `id` int(11) NOT NULL AUTO_INCREMENT, AUTO_INCREMENT=32;
--
-- AUTO_INCREMENT for table `sales_page`
--
ALTER TABLE `sales_page`
  MODIFY `id` int(11) NOT NULL AUTO_INCREMENT, AUTO_INCREMENT=2;
--
-- AUTO_INCREMENT for table `test`
--
ALTER TABLE `test`
  MODIFY `id` int(11) NOT NULL AUTO_INCREMENT, AUTO_INCREMENT=20;
--
-- AUTO_INCREMENT for table `transactions`
--
ALTER TABLE `transactions`
  MODIFY `id` int(11) NOT NULL AUTO_INCREMENT, AUTO_INCREMENT=14;
--
-- AUTO_INCREMENT for table `users`
--
ALTER TABLE `users`
  MODIFY `id` int(11) NOT NULL AUTO_INCREMENT, AUTO_INCREMENT=8;
/*!40101 SET CHARACTER_SET_CLIENT=@OLD_CHARACTER_SET_CLIENT */;
/*!40101 SET CHARACTER_SET_RESULTS=@OLD_CHARACTER_SET_RESULTS */;
/*!40101 SET COLLATION_CONNECTION=@OLD_COLLATION_CONNECTION */;
